Const,Your Rating,Date Rated,Title,URL,Title Type,IMDb Rating,Runtime (mins),Year,Genres,Num Votes,Release Date,Directors
tt1000774,9,2008-06-08,Sex and the City,https://www.imdb.com/title/tt1000774/,movie,5.6,145,2008,"Comedy, Drama, Romance",108456,2008-05-12,Michael Patrick King
tt1010048,10,2009-01-20,Slumdog Millionaire,https://www.imdb.com/title/tt1010048/,movie,8.0,120,2008,"Drama, Romance",731757,2008-08-30,"Loveleen Tandan, Danny Boyle"
tt1013753,8,2012-09-05,Milk,https://www.imdb.com/title/tt1013753/,movie,7.6,128,2008,"Biography, Drama",153284,2008-10-28,Gus Van Sant
tt0101414,8,2012-07-23,Beauty and the Beast,https://www.imdb.com/title/tt0101414/,movie,8.0,84,1991,"Animation, Family, Fantasy, Musical, Romance",379402,1991-09-29,"Gary Trousdale, Kirk Wise"
tt1014759,10,2010-03-22,Alice in Wonderland,https://www.imdb.com/title/tt1014759/,movie,6.5,108,2010,"Adventure, Family, Fantasy",350987,2010-02-25,Tim Burton
tt0101700,8,2012-08-30,Delicatessen,https://www.imdb.com/title/tt0101700/,movie,7.7,99,1991,"Comedy, Crime",73949,1991-04-17,"Jean-Pierre Jeunet, Marc Caro"
tt0101889,8,2012-09-27,The Fisher King,https://www.imdb.com/title/tt0101889/,movie,7.6,137,1991,"Comedy, Drama, Fantasy",72040,1991-09-10,Terry Gilliam
tt1022603,9,2009-11-24,(500) Days of Summer,https://www.imdb.com/title/tt1022603/,movie,7.7,95,2009,"Comedy, Drama, Romance",432267,2009-01-17,Marc Webb
tt1023114,7,2013-07-28,The Way Back,https://www.imdb.com/title/tt1023114/,movie,7.3,133,2010,"Adventure, Drama, History",100306,2010-09-03,Peter Weir
tt1024648,8,2013-04-19,Argo,https://www.imdb.com/title/tt1024648/,movie,7.7,120,2012,"Biography, Drama, Thriller",524342,2012-08-31,Ben Affleck
tt0102768,7,2010-08-01,Regarding Henry,https://www.imdb.com/title/tt0102768/,movie,6.7,108,1991,"Drama, Romance",26713,1991-07-10,Mike Nichols
tt1028532,10,2011-05-28,Hachi: A Dog's Tale,https://www.imdb.com/title/tt1028532/,movie,8.1,93,2009,"Drama, Family",215751,2009-06-13,Lasse Hallström
tt0102926,7,2008-09-10,The Silence of the Lambs,https://www.imdb.com/title/tt0102926/,movie,8.6,118,1991,"Crime, Drama, Thriller",1094045,1991-01-30,Jonathan Demme
tt1032755,9,2012-09-30,RocknRolla,https://www.imdb.com/title/tt1032755/,movie,7.3,114,2008,"Action, Crime, Thriller",216409,2008-09-04,Guy Ritchie
tt1033643,9,2008-07-02,What Happens in Vegas,https://www.imdb.com/title/tt1033643/,movie,6.1,99,2008,"Comedy, Romance",155381,2008-04-22,Tom Vaughan
tt0103524,1,2008-10-24,Renegade,https://www.imdb.com/title/tt0103524/,tvSeries,6.1,43,1992,"Action, Adventure, Crime, Drama",3781,1992-09-19,
tt0103767,8,2013-04-19,Baraka,https://www.imdb.com/title/tt0103767/,movie,8.6,96,1992,Documentary,32313,1992-08-31,Ron Fricke
tt1037705,8,2010-01-25,The Book of Eli,https://www.imdb.com/title/tt1037705/,movie,6.9,118,2010,"Action, Adventure, Drama, Thriller",264816,2010-01-11,"Allen Hughes, Albert Hughes"
tt1038988,4,2013-04-19,[Rec],https://www.imdb.com/title/tt1038988/,movie,7.5,78,2007,Horror,150191,2007-08-29,"Jaume Balagueró, Paco Plaza"
tt1045658,10,2013-02-12,Silver Linings Playbook,https://www.imdb.com/title/tt1045658/,movie,7.7,122,2012,"Comedy, Drama, Romance",608778,2012-09-08,David O. Russell
tt1045778,10,2009-09-11,Year One,https://www.imdb.com/title/tt1045778/,movie,4.9,97,2009,"Adventure, Comedy",84519,2009-06-18,Harold Ramis
tt0104779,9,2007-11-10,Bitter Moon,https://www.imdb.com/title/tt0104779/,movie,7.2,139,1992,"Drama, Romance, Thriller",30591,1992-07-12,Roman Polanski
tt1049413,7,2009-11-09,Up,https://www.imdb.com/title/tt1049413/,movie,8.3,96,2009,"Animation, Adventure, Comedy, Family",819023,2009-05-13,"Pete Docter, Bob Peterson"
tt0105236,9,2010-08-19,Reservoir Dogs,https://www.imdb.com/title/tt0105236/,movie,8.3,99,1992,"Crime, Drama, Thriller",799506,1992-01-21,Quentin Tarantino
tt0105275,9,2008-07-16,Romper Stomper,https://www.imdb.com/title/tt0105275/,movie,6.8,94,1992,"Crime, Drama",35011,1992-09-16,Geoffrey Wright
tt1060277,7,2013-04-19,Cloverfield,https://www.imdb.com/title/tt1060277/,movie,7.0,85,2008,"Action, Horror, Sci-Fi, Thriller",344941,2008-01-16,Matt Reeves
tt1065011,10,2007-12-18,FullTiltPoker.net Presents: Learn from the Pros,https://www.imdb.com/title/tt1065011/,tvSeries,6.7,30,2005,Sport,16,2005-10-24,
tt0106677,9,2012-09-09,Dazed and Confused,https://www.imdb.com/title/tt0106677/,movie,7.7,102,1993,Comedy,143890,1993-08-31,Richard Linklater
tt0106856,9,2009-11-23,Falling Down,https://www.imdb.com/title/tt0106856/,movie,7.6,113,1993,"Crime, Drama, Thriller",152868,1993-02-26,Joel Schumacher
tt0107048,6,2011-01-05,Groundhog Day,https://www.imdb.com/title/tt0107048/,movie,8.0,101,1993,"Comedy, Fantasy, Romance",528184,1993-02-04,Harold Ramis
tt1071228,10,2008-12-30,Mina olin siin,https://www.imdb.com/title/tt1071228/,movie,7.1,95,2008,"Crime, Drama",1012,2008-07-08,René Vilbre
tt0107207,10,2012-08-04,In the Name of the Father,https://www.imdb.com/title/tt0107207/,movie,8.1,133,1993,"Biography, Drama",137853,1993-12-12,Jim Sheridan
tt1074638,7,2013-04-19,Skyfall,https://www.imdb.com/title/tt1074638/,movie,7.8,143,2012,"Action, Adventure, Thriller",582599,2012-10-23,Sam Mendes
tt1076645,9,2007-08-22,Politseikroonika,https://www.imdb.com/title/tt1076645/,tvSeries,6.5,30,2000,"Documentary, Reality-TV",13,2000-02-01,
tt1077258,6,2011-01-04,Planet Terror,https://www.imdb.com/title/tt1077258/,movie,7.1,105,2007,"Action, Comedy, Horror, Thriller",185413,2007-06-21,Robert Rodriguez
tt1078588,10,2010-06-08,My Sister's Keeper,https://www.imdb.com/title/tt1078588/,movie,7.4,109,2009,"Drama, Family",83680,2009-06-26,Nick Cassavetes
tt1078940,10,2009-12-11,Couples Retreat,https://www.imdb.com/title/tt1078940/,movie,5.5,113,2009,Comedy,92821,2009-10-05,Peter Billingsley
tt1080016,8,2012-07-23,Ice Age: Dawn of the Dinosaurs,https://www.imdb.com/title/tt1080016/,movie,7.0,94,2009,"Animation, Action, Adventure, Comedy, Family",197277,2009-06-26,"Mike Thurmeier, Carlos Saldanha"
tt0108052,10,2007-10-21,Schindler's List,https://www.imdb.com/title/tt0108052/,movie,8.9,195,1993,"Biography, Drama, History",1052082,1993-11-30,Steven Spielberg
tt0108399,8,2013-01-02,True Romance,https://www.imdb.com/title/tt0108399/,movie,7.9,119,1993,"Crime, Drama, Romance, Thriller",184755,1993-09-08,Tony Scott
tt0108778,10,2008-02-04,Friends,https://www.imdb.com/title/tt0108778/,tvSeries,8.9,22,1994,"Comedy, Romance",636119,1994-09-22,
tt1091722,7,2009-11-09,Adventureland,https://www.imdb.com/title/tt1091722/,movie,6.8,107,2009,"Comedy, Drama, Romance",145010,2009-01-19,Greg Mottola
tt1092026,7,2012-07-23,Paul,https://www.imdb.com/title/tt1092026/,movie,7.0,104,2011,"Adventure, Comedy, Sci-Fi",216519,2011-02-07,Greg Mottola
tt0109445,8,2010-09-28,Clerks,https://www.imdb.com/title/tt0109445/,movie,7.8,92,1994,Comedy,198599,1994-01-31,Kevin Smith
tt0109830,10,2008-01-07,Forrest Gump,https://www.imdb.com/title/tt0109830/,movie,8.8,142,1994,"Drama, Romance",1553605,1994-06-23,Robert Zemeckis
tt1099212,10,2009-04-28,Twilight,https://www.imdb.com/title/tt1099212/,movie,5.2,122,2008,"Drama, Fantasy, Romance",385904,2008-11-17,Catherine Hardwicke
tt0110005,7,2014-09-24,Heavenly Creatures,https://www.imdb.com/title/tt0110005/,movie,7.4,99,1994,"Biography, Crime, Drama, Thriller",55270,1994-09-08,Peter Jackson
tt0110357,10,2009-01-24,The Lion King,https://www.imdb.com/title/tt0110357/,movie,8.5,88,1994,"Animation, Adventure, Drama, Family, Musical",805586,1994-05-07,"Rob Minkoff, Roger Allers"
tt0110413,9,2007-12-30,Léon,https://www.imdb.com/title/tt0110413/,movie,8.6,110,1994,"Crime, Drama, Thriller",894074,1994-09-14,Luc Besson
tt0110478,9,2008-01-19,Maverick,https://www.imdb.com/title/tt0110478/,movie,7.0,127,1994,"Action, Adventure, Comedy, Thriller, Western",93231,1994-05-20,Richard Donner
tt0110912,8,2010-08-19,Pulp Fiction,https://www.imdb.com/title/tt0110912/,movie,8.9,154,1994,"Crime, Drama",1588876,1994-05-21,Quentin Tarantino
tt0111161,10,2007-08-12,The Shawshank Redemption,https://www.imdb.com/title/tt0111161/,movie,9.3,142,1994,Drama,2034334,1994-09-10,Frank Darabont
tt1117385,5,2010-07-07,Felon,https://www.imdb.com/title/tt1117385/,movie,7.5,104,2008,"Crime, Drama",71581,2008-07-13,Ric Roman Waugh
tt1119644,2,2013-03-29,Fringe,https://www.imdb.com/title/tt1119644/,tvSeries,8.4,46,2008,"Drama, Mystery, Sci-Fi, Thriller",203053,2008-09-09,
tt1119646,8,2009-06-20,The Hangover,https://www.imdb.com/title/tt1119646/,movie,7.7,100,2009,Comedy,655688,2009-05-30,Todd Phillips
tt1124373,4,2009-09-13,Sons of Anarchy,https://www.imdb.com/title/tt1124373/,tvSeries,8.6,45,2008,"Crime, Drama, Thriller",224696,2008-09-03,
tt0112471,8,2011-09-28,Before Sunrise,https://www.imdb.com/title/tt0112471/,movie,8.1,101,1995,"Drama, Romance",231046,1995-01-19,Richard Linklater
tt0112573,7,2013-04-19,Braveheart,https://www.imdb.com/title/tt0112573/,movie,8.4,178,1995,"Biography, Drama, History, War",872379,1995-05-18,Mel Gibson
tt1125849,10,2009-01-20,The Wrestler,https://www.imdb.com/title/tt1125849/,movie,7.9,109,2008,"Drama, Sport",274286,2008-09-05,Darren Aronofsky
tt0112641,10,2009-01-03,Casino,https://www.imdb.com/title/tt0112641/,movie,8.2,178,1995,"Crime, Drama",403553,1995-04-03,Martin Scorsese
tt1130884,10,2010-03-07,Shutter Island,https://www.imdb.com/title/tt1130884/,movie,8.1,138,2010,"Mystery, Thriller",973596,2010-02-13,Martin Scorsese
tt0113247,8,2009-01-04,La haine,https://www.imdb.com/title/tt0113247/,movie,8.1,98,1995,"Crime, Drama",128759,1995-05-27,Mathieu Kassovitz
tt0113277,8,2010-01-04,Heat,https://www.imdb.com/title/tt0113277/,movie,8.2,170,1995,"Crime, Drama, Thriller",511822,1995-12-06,Michael Mann
tt1135487,5,2009-04-02,Duplicity,https://www.imdb.com/title/tt1135487/,movie,6.2,125,2009,"Comedy, Crime, Romance, Thriller",44825,2009-03-10,Tony Gilroy
tt0113627,10,2010-05-28,Leaving Las Vegas,https://www.imdb.com/title/tt0113627/,movie,7.5,111,1995,"Drama, Romance",104847,1995-09-15,Mike Figgis
tt1136608,7,2011-01-05,District 9,https://www.imdb.com/title/tt1136608/,movie,7.9,112,2009,"Sci-Fi, Thriller",594252,2009-08-13,Neill Blomkamp
tt1139797,8,2012-07-23,Låt den rätte komma in,https://www.imdb.com/title/tt1139797/,movie,7.9,115,2008,"Drama, Horror, Romance",192293,2008-01-26,Tomas Alfredson
tt0114369,7,2007-12-30,Se7en,https://www.imdb.com/title/tt0114369/,movie,8.6,127,1995,"Crime, Drama, Mystery, Thriller",1245100,1995-09-15,David Fincher
tt0114709,9,2011-01-05,Toy Story,https://www.imdb.com/title/tt0114709/,movie,8.3,81,1995,"Animation, Adventure, Comedy, Family, Fantasy",766736,1995-11-19,John Lasseter
tt0114814,9,2007-12-30,The Usual Suspects,https://www.imdb.com/title/tt0114814/,movie,8.6,106,1995,"Crime, Mystery, Thriller",882723,1995-01-25,Bryan Singer
tt0114916,9,2008-10-30,When Night Is Falling,https://www.imdb.com/title/tt0114916/,movie,6.6,94,1995,"Drama, Romance",6065,1995-02-28,Patricia Rozema
tt1152836,9,2010-08-31,Public Enemies,https://www.imdb.com/title/tt1152836/,movie,7.0,140,2009,"Biography, Crime, Drama, History, Romance",256982,2009-06-18,Michael Mann
tt1156398,8,2009-12-17,Zombieland,https://www.imdb.com/title/tt1156398/,movie,7.7,88,2009,"Adventure, Comedy, Horror, Sci-Fi",446401,2009-09-25,Ruben Fleischer
tt0115641,10,2007-11-27,Beavis and Butt-Head Do America,https://www.imdb.com/title/tt0115641/,movie,6.8,81,1996,"Animation, Adventure, Comedy, Crime, Music",47597,1996-12-15,"Mike de Seve, Yvette Kaplan, Brian Mulroney, Mike Judge"
tt0116282,9,2011-01-05,Fargo,https://www.imdb.com/title/tt0116282/,movie,8.1,98,1996,"Crime, Drama, Thriller",547642,1996-03-08,"Ethan Coen, Joel Coen"
tt1166827,10,2008-02-22,Zeitgeist,https://www.imdb.com/title/tt1166827/,video,8.2,118,2007,"Documentary, History",46146,2007-06-01,Peter Joseph
tt0117381,9,2008-09-16,Primal Fear,https://www.imdb.com/title/tt0117381/,movie,7.7,129,1996,"Crime, Drama, Mystery, Thriller",158633,1996-04-01,Gregory Hoblit
tt0117665,9,2008-01-17,Sleepers,https://www.imdb.com/title/tt0117665/,movie,7.6,147,1996,"Crime, Drama, Thriller",172413,1996-08-28,Barry Levinson
tt0117666,7,2010-07-16,Sling Blade,https://www.imdb.com/title/tt0117666/,movie,8.0,135,1996,Drama,80342,1996-08-30,Billy Bob Thornton
tt0117951,10,2011-01-05,Trainspotting,https://www.imdb.com/title/tt0117951/,movie,8.2,93,1996,Drama,576400,1996-02-23,Danny Boyle
tt1182345,8,2009-11-24,Moon,https://www.imdb.com/title/tt1182345/,movie,7.9,97,2009,"Drama, Mystery, Sci-Fi",305721,2009-01-23,Duncan Jones
tt0118421,7,2014-03-09,Oz,https://www.imdb.com/title/tt0118421/,tvSeries,8.7,55,1997,"Crime, Drama, Thriller",79483,1997-07-12,
tt1185616,8,2012-08-21,Vals Im Bashir,https://www.imdb.com/title/tt1185616/,movie,8.0,90,2008,"Animation, Biography, Drama, History, War",51570,2008-05-15,Ari Folman
tt1187043,5,2012-09-27,3 Idiots,https://www.imdb.com/title/tt1187043/,movie,8.4,170,2009,"Comedy, Drama",289072,2009-12-23,Rajkumar Hirani
tt0118715,9,2010-07-24,The Big Lebowski,https://www.imdb.com/title/tt0118715/,movie,8.1,117,1998,"Comedy, Crime",644501,1998-02-15,"Ethan Coen, Joel Coen"
tt0118799,10,2008-03-03,La vita è bella,https://www.imdb.com/title/tt0118799/,movie,8.6,116,1997,"Comedy, Drama, Romance, War",533441,1997-12-20,Roberto Benigni
tt0118929,4,2008-08-09,Dark City,https://www.imdb.com/title/tt0118929/,movie,7.7,100,1998,"Mystery, Sci-Fi, Thriller",174752,1998-02-25,Alex Proyas
tt0119008,7,2012-09-27,Donnie Brasco,https://www.imdb.com/title/tt0119008/,movie,7.8,127,1997,"Biography, Crime, Drama",251266,1997-02-24,Mike Newell
tt1191111,10,2012-07-23,Enter the Void,https://www.imdb.com/title/tt1191111/,movie,7.3,161,2009,"Drama, Fantasy",58280,2009-05-22,Gaspar Noé
tt0119177,7,2014-09-27,Gattaca,https://www.imdb.com/title/tt0119177/,movie,7.8,106,1997,"Drama, Sci-Fi, Thriller",254509,1997-09-07,Andrew Niccol
tt0119217,9,2011-01-10,Good Will Hunting,https://www.imdb.com/title/tt0119217/,movie,8.3,126,1997,"Drama, Romance",744504,1997-12-02,Gus Van Sant
tt1193138,8,2013-09-24,Up in the Air,https://www.imdb.com/title/tt1193138/,movie,7.4,109,2009,"Drama, Romance",296720,2009-09-05,Jason Reitman
tt0119375,6,2012-10-11,Insomnia,https://www.imdb.com/title/tt0119375/,movie,7.3,96,1997,"Crime, Mystery, Thriller",11773,1997-03-14,Erik Skjoldbjærg
tt0119488,6,2007-12-30,L.A. Confidential,https://www.imdb.com/title/tt0119488/,movie,8.3,138,1997,"Crime, Drama, Mystery, Thriller",482954,1997-05-14,Curtis Hanson
tt0119643,9,2011-09-27,Meet Joe Black,https://www.imdb.com/title/tt0119643/,movie,7.2,178,1998,"Drama, Fantasy, Romance",191092,1998-11-02,Martin Brest
tt0120338,10,2008-09-23,Titanic,https://www.imdb.com/title/tt0120338/,movie,7.8,194,1997,"Drama, Romance",927287,1997-11-01,James Cameron
tt0120363,10,2011-04-24,Toy Story 2,https://www.imdb.com/title/tt0120363/,movie,7.9,92,1999,"Animation, Adventure, Comedy, Family, Fantasy",454718,1999-11-13,"John Lasseter, Ash Brannon, Lee Unkrich"
tt0120382,7,2008-12-26,The Truman Show,https://www.imdb.com/title/tt0120382/,movie,8.1,103,1998,"Comedy, Drama, Sci-Fi",813282,1998-06-01,Peter Weir
tt1205489,9,2009-01-21,Gran Torino,https://www.imdb.com/title/tt1205489/,movie,8.1,116,2008,Drama,656066,2008-12-09,Clint Eastwood
tt0120586,10,2009-11-17,American History X,https://www.imdb.com/title/tt0120586/,movie,8.5,119,1998,Drama,926995,1998-10-30,Tony Kaye
tt0120601,9,2012-07-23,Being John Malkovich,https://www.imdb.com/title/tt0120601/,movie,7.8,113,1999,"Comedy, Drama, Fantasy",284156,1999-09-02,Spike Jonze
tt0120663,9,2009-09-10,Eyes Wide Shut,https://www.imdb.com/title/tt0120663/,movie,7.4,159,1999,"Drama, Mystery, Thriller",266229,1999-07-13,Stanley Kubrick
tt0120669,10,2012-07-23,Fear and Loathing in Las Vegas,https://www.imdb.com/title/tt0120669/,movie,7.7,118,1998,"Adventure, Comedy, Drama",238243,1998-05-15,Terry Gilliam
tt0120689,10,2010-08-19,The Green Mile,https://www.imdb.com/title/tt0120689/,movie,8.5,189,1999,"Crime, Drama, Fantasy, Mystery",977186,1999-12-06,Frank Darabont
tt0120693,9,2013-04-19,Half Baked,https://www.imdb.com/title/tt0120693/,movie,6.7,82,1998,"Comedy, Crime",53575,1998-01-16,Tamra Davis
tt0120735,9,2011-01-05,"Lock, Stock and Two Smoking Barrels",https://www.imdb.com/title/tt0120735/,movie,8.2,107,1998,"Comedy, Crime",483193,1998-08-23,Guy Ritchie
tt0120737,10,2010-08-22,The Lord of the Rings: The Fellowship of the Ring,https://www.imdb.com/title/tt0120737/,movie,8.8,178,2001,"Adventure, Drama, Fantasy",1465311,2001-12-10,Peter Jackson
tt0120815,10,2008-01-29,Saving Private Ryan,https://www.imdb.com/title/tt0120815/,movie,8.6,169,1998,"Drama, War",1073980,1998-07-21,Steven Spielberg
tt0121955,9,2014-03-09,South Park,https://www.imdb.com/title/tt0121955/,tvSeries,8.7,22,1997,"Animation, Comedy",292882,1997-08-13,
tt1220719,9,2012-08-21,Yip Man,https://www.imdb.com/title/tt1220719/,movie,8.0,106,2008,"Action, Biography, Drama, Sport",193188,2008-12-12,Wilson Yip
tt1231587,8,2010-05-31,Hot Tub Time Machine,https://www.imdb.com/title/tt1231587/,movie,6.4,101,2010,"Comedy, Sci-Fi",151836,2010-03-17,Steve Pink
tt1232776,8,2013-04-19,Fish Tank,https://www.imdb.com/title/tt1232776/,movie,7.3,123,2009,Drama,53963,2009-05-14,Andrea Arnold
tt1235099,10,2009-05-11,Lie to Me,https://www.imdb.com/title/tt1235099/,tvSeries,8.0,43,2009,"Crime, Drama, Mystery, Thriller",101389,2009-01-21,
tt1235166,7,2013-04-19,Un prophète,https://www.imdb.com/title/tt1235166/,movie,7.9,155,2009,"Crime, Drama",86978,2009-05-16,Jacques Audiard
tt1245492,8,2014-01-11,This Is the End,https://www.imdb.com/title/tt1245492/,movie,6.6,107,2013,"Comedy, Fantasy",353657,2013-06-03,"Evan Goldberg, Seth Rogen"
tt0124819,6,2007-12-30,Orgazmo,https://www.imdb.com/title/tt0124819/,movie,6.2,94,1997,"Comedy, Sci-Fi",32537,1997-09-06,Trey Parker
tt1250777,8,2010-09-26,Kick-Ass,https://www.imdb.com/title/tt1250777/,movie,7.6,117,2010,"Action, Comedy",488516,2010-03-12,Matthew Vaughn
tt1255953,9,2012-09-27,Incendies,https://www.imdb.com/title/tt1255953/,movie,8.2,131,2010,"Drama, Mystery, War",118633,2010-09-03,Denis Villeneuve
tt1256187,2,2009-05-13,How I Met Your Mother: Shelter Island,https://www.imdb.com/title/tt1256187/,tvEpisode,8.3,22,2008,"Comedy, Romance",2142,2008-10-20,Pamela Fryman
tt0125659,7,2008-08-12,Abre los ojos,https://www.imdb.com/title/tt0125659/,movie,7.8,117,1997,"Drama, Mystery, Romance, Sci-Fi, Thriller",58838,1997-12-19,Alejandro Amenábar
tt0125678,7,2013-04-19,Bongwater,https://www.imdb.com/title/tt0125678/,movie,5.4,97,1998,"Comedy, Romance",3243,1998-04-18,Richard Sears
tt0126029,10,2008-02-09,Shrek,https://www.imdb.com/title/tt0126029/,movie,7.9,90,2001,"Animation, Adventure, Comedy, Family, Fantasy",545119,2001-04-22,"Vicky Jenson, Andrew Adamson"
tt1270798,7,2012-09-27,X: First Class,https://www.imdb.com/title/tt1270798/,movie,7.7,131,2011,"Action, Adventure, Sci-Fi",594397,2011-05-25,Matthew Vaughn
tt1282140,4,2012-09-07,Easy A,https://www.imdb.com/title/tt1282140/,movie,7.1,92,2010,"Comedy, Drama, Romance",322229,2010-09-11,Will Gluck
tt0128278,8,2008-06-30,Instinct,https://www.imdb.com/title/tt0128278/,movie,6.6,126,1999,"Drama, Thriller",29892,1999-06-04,Jon Turteltaub
tt0128442,10,2007-09-02,Rounders,https://www.imdb.com/title/tt0128442/,movie,7.3,121,1998,"Crime, Drama",132904,1998-08-25,John Dahl
tt1284575,6,2013-04-19,Bad Teacher,https://www.imdb.com/title/tt1284575/,movie,5.7,92,2011,"Comedy, Romance",178002,2011-06-17,Jake Kasdan
tt1285016,9,2011-01-05,The Social Network,https://www.imdb.com/title/tt1285016/,movie,7.7,120,2010,"Biography, Drama",557379,2010-09-24,David Fincher
tt1291051,3,2009-04-28,Where the #$&% Is Santa?,https://www.imdb.com/title/tt1291051/,video,5.4,90,2008,Comedy,1633,2008-12-02,"Joe DeVito, Bam Margera"
tt1298650,6,2011-09-27,Pirates of the Caribbean: On Stranger Tides,https://www.imdb.com/title/tt1298650/,movie,6.6,136,2011,"Action, Adventure, Fantasy",437120,2011-05-07,Rob Marshall
tt1300854,10,2013-10-29,Iron Man 3,https://www.imdb.com/title/tt1300854/,movie,7.2,130,2013,"Action, Adventure, Sci-Fi",661901,2013-04-12,Shane Black
tt1305806,10,2011-01-05,El secreto de sus ojos,https://www.imdb.com/title/tt1305806/,movie,8.2,129,2009,"Drama, Mystery, Romance, Thriller",168376,2009-08-13,Juan José Campanella
tt1306980,10,2012-08-17,50/50,https://www.imdb.com/title/tt1306980/,movie,7.7,100,2011,"Comedy, Drama, Romance",296608,2011-09-12,Jonathan Levine
tt1318514,8,2013-04-19,Rise of the Planet of the Apes,https://www.imdb.com/title/tt1318514/,movie,7.6,105,2011,"Action, Drama, Sci-Fi, Thriller",465039,2011-07-28,Rupert Wyatt
tt1327194,7,2013-04-19,The Lucky One,https://www.imdb.com/title/tt1327194/,movie,6.5,101,2012,"Drama, Romance",92003,2012-04-19,Scott Hicks
tt0133093,10,2007-09-07,The Matrix,https://www.imdb.com/title/tt0133093/,movie,8.7,136,1999,"Action, Sci-Fi",1460383,1999-03-24,"Lilly Wachowski, Lana Wachowski"
tt1334585,10,2010-04-08,Burn-E,https://www.imdb.com/title/tt1334585/,short,7.7,8,2008,"Animation, Short, Adventure, Comedy, Family, Sci-Fi",8922,2008-11-18,Angus MacLane
tt1341167,10,2015-11-26,Four Lions,https://www.imdb.com/title/tt1341167/,movie,7.3,97,2010,"Comedy, Crime, Drama",64974,2010-01-23,Christopher Morris
tt0134119,2,2012-09-17,The Talented Mr. Ripley,https://www.imdb.com/title/tt0134119/,movie,7.4,139,1999,"Crime, Drama, Thriller",158137,1999-12-12,Anthony Minghella
tt1345836,7,2012-08-14,The Dark Knight Rises,https://www.imdb.com/title/tt1345836/,movie,8.4,164,2012,"Action, Thriller",1351104,2012-07-16,Christopher Nolan
tt1371111,8,2012-12-07,Cloud Atlas,https://www.imdb.com/title/tt1371111/,movie,7.5,172,2012,"Action, Drama, Mystery, Sci-Fi",321411,2012-09-08,"Lilly Wachowski, Lana Wachowski, Tom Tykwer"
tt0137523,10,2011-03-13,Fight Club,https://www.imdb.com/title/tt0137523/,movie,8.8,139,1999,Drama,1627947,1999-09-10,David Fincher
tt1375666,10,2010-07-25,Inception,https://www.imdb.com/title/tt1375666/,movie,8.8,148,2010,"Action, Adventure, Sci-Fi, Thriller",1781691,2010-07-08,Christopher Nolan
tt1385826,8,2011-07-08,The Adjustment Bureau,https://www.imdb.com/title/tt1385826/,movie,7.1,106,2011,"Romance, Sci-Fi, Thriller",223698,2011-02-14,George Nolfi
tt1386588,7,2014-03-17,The Other Guys,https://www.imdb.com/title/tt1386588/,movie,6.7,107,2010,"Action, Comedy, Crime",216643,2010-08-02,Adam McKay
tt0138704,7,2012-09-27,Pi,https://www.imdb.com/title/tt0138704/,movie,7.4,84,1998,"Drama, Horror, Mystery, Sci-Fi, Thriller",158556,1998-01-31,Darren Aronofsky
tt1392170,8,2012-08-21,The Hunger Games,https://www.imdb.com/title/tt1392170/,movie,7.2,142,2012,"Action, Adventure, Sci-Fi, Thriller",781929,2012-03-12,Gary Ross
tt1399683,9,2011-02-09,Winter's Bone,https://www.imdb.com/title/tt1399683/,movie,7.2,100,2010,"Drama, Mystery",125235,2010-01-21,Debra Granik
tt1401152,7,2013-04-19,Unknown,https://www.imdb.com/title/tt1401152/,movie,6.9,113,2011,"Action, Mystery, Thriller",231672,2011-02-16,Jaume Collet-Serra
tt1403865,7,2012-09-27,True Grit,https://www.imdb.com/title/tt1403865/,movie,7.6,110,2010,"Adventure, Drama, Western",277240,2010-12-14,"Ethan Coen, Joel Coen"
tt1408101,9,2014-01-11,Star Trek: Into Darkness,https://www.imdb.com/title/tt1408101/,movie,7.7,132,2013,"Action, Adventure, Sci-Fi",440248,2013-05-02,J.J. Abrams
tt1409024,9,2012-10-21,Men in Black 3,https://www.imdb.com/title/tt1409024/,movie,6.8,106,2012,"Action, Adventure, Comedy, Sci-Fi",301258,2012-05-14,Barry Sonnenfeld
tt0141842,8,2014-03-09,The Sopranos,https://www.imdb.com/title/tt0141842/,tvSeries,9.2,55,1999,"Crime, Drama",240001,1999-01-10,
tt1424432,8,2014-01-08,Senna,https://www.imdb.com/title/tt1424432/,movie,8.6,106,2010,"Documentary, Biography, Sport",53073,2010-10-07,Asif Kapadia
tt1436562,9,2012-07-23,Rio,https://www.imdb.com/title/tt1436562/,movie,6.9,96,2011,"Animation, Adventure, Comedy, Family, Musical",187794,2011-03-22,Carlos Saldanha
tt0144084,8,2012-07-23,American Psycho,https://www.imdb.com/title/tt0144084/,movie,7.6,101,2000,"Crime, Drama",419327,2000-01-21,Mary Harron
tt0144117,9,2010-06-01,The Boondock Saints,https://www.imdb.com/title/tt0144117/,movie,7.8,108,1999,"Action, Crime, Thriller",214469,1999-08-04,Troy Duffy
tt1442437,10,2010-07-25,Modern Family,https://www.imdb.com/title/tt1442437/,tvSeries,8.4,22,2009,"Comedy, Romance",302597,2009-09-22,
tt1446714,7,2012-10-20,Prometheus,https://www.imdb.com/title/tt1446714/,movie,7.0,124,2012,"Adventure, Mystery, Sci-Fi",529729,2012-04-11,Ridley Scott
tt1454029,10,2012-08-21,The Help,https://www.imdb.com/title/tt1454029/,movie,8.1,146,2011,Drama,383015,2011-08-09,Tate Taylor
tt1465522,10,2011-09-28,Tucker and Dale vs Evil,https://www.imdb.com/title/tt1465522/,movie,7.6,89,2010,"Comedy, Horror",150692,2010-01-22,Eli Craig
tt1475582,8,2014-03-09,Sherlock,https://www.imdb.com/title/tt1475582/,tvSeries,9.2,88,2010,"Crime, Drama, Mystery, Thriller",676336,2010-07-25,
tt0147612,2,2013-04-19,Happiness,https://www.imdb.com/title/tt0147612/,movie,7.8,134,1998,"Comedy, Drama",61716,1998-05-15,Todd Solondz
tt0149460,4,2010-11-24,Futurama,https://www.imdb.com/title/tt0149460/,tvSeries,8.5,22,1999,"Animation, Comedy, Sci-Fi",189473,1999-03-28,
tt1495902,10,2010-02-27,Pangarööv,https://www.imdb.com/title/tt1495902/,movie,5.9,93,2009,Drama,121,2009-09-05,Andrus Tuisk
tt1504320,8,2011-05-03,The King's Speech,https://www.imdb.com/title/tt1504320/,movie,8.0,118,2010,"Biography, Drama, History",580346,2010-09-06,Tom Hooper
tt0151804,9,2008-11-04,Office Space,https://www.imdb.com/title/tt0151804/,movie,7.8,89,1999,Comedy,222754,1999-02-19,Mike Judge
tt1542344,8,2011-01-19,127 Hours,https://www.imdb.com/title/tt1542344/,movie,7.6,94,2010,"Adventure, Biography, Drama, Thriller",317052,2010-09-04,Danny Boyle
tt1549572,8,2013-04-19,Another Earth,https://www.imdb.com/title/tt1549572/,movie,7.0,92,2011,"Drama, Romance, Sci-Fi",84161,2011-01-24,Mike Cahill
tt1563738,9,2013-04-19,One Day,https://www.imdb.com/title/tt1563738/,movie,7.0,107,2011,"Drama, Romance",125132,2011-08-08,Lone Scherfig
tt0156812,8,2008-10-25,My Dog Skip,https://www.imdb.com/title/tt0156812/,movie,7.1,95,2000,"Comedy, Drama, Family, Sport",18125,2000-01-08,Jay Russell
tt1568346,8,2012-08-14,The Girl with the Dragon Tattoo,https://www.imdb.com/title/tt1568346/,movie,7.8,158,2011,"Crime, Drama, Mystery, Thriller",379834,2011-12-12,David Fincher
tt1568921,9,2012-08-27,Kari-gurashi no Arietti,https://www.imdb.com/title/tt1568921/,movie,7.6,94,2010,"Animation, Adventure, Family, Fantasy",66123,2010-07-17,Hiromasa Yonebayashi
tt1584813,7,2012-10-14,Reindeerspotting - pako Joulumaasta,https://www.imdb.com/title/tt1584813/,movie,7.4,84,2010,Documentary,2800,2010-04-09,Joonas Neuvonen
tt1587707,6,2012-12-16,Exit Through the Gift Shop,https://www.imdb.com/title/tt1587707/,movie,8.0,87,2010,"Documentary, Comedy, Crime, History",57825,2010-01-24,Banksy
tt0159097,8,2008-06-14,The Virgin Suicides,https://www.imdb.com/title/tt0159097/,movie,7.2,97,1999,"Drama, Romance",131926,1999-05-19,Sofia Coppola
tt0159206,9,2008-06-08,Sex and the City,https://www.imdb.com/title/tt0159206/,tvSeries,7.1,30,1998,"Comedy, Drama, Romance",93533,1998-06-06,
tt1610752,1,2010-10-04,Family Guy: Excellence in Broadcasting,https://www.imdb.com/title/tt1610752/,tvEpisode,6.7,22,2010,"Animation, Comedy",1053,2010-10-03,"Peter Shin, John Holmquist, James Purdum"
tt0162346,8,2009-01-05,Ghost World,https://www.imdb.com/title/tt0162346/,movie,7.4,111,2001,"Comedy, Drama",105589,2001-06-16,Terry Zwigoff
tt1637725,7,2012-11-15,Ted,https://www.imdb.com/title/tt1637725/,movie,6.9,106,2012,"Comedy, Fantasy, Romance",528632,2012-06-29,Seth MacFarlane
tt0163978,10,2008-03-02,The Beach,https://www.imdb.com/title/tt0163978/,movie,6.6,119,2000,"Adventure, Drama, Romance, Thriller",203766,2000-02-02,Danny Boyle
tt0165598,9,2014-01-12,That '70s Show,https://www.imdb.com/title/tt0165598/,tvSeries,8.1,22,1998,"Comedy, Romance",136692,1998-08-23,
tt0165832,8,2013-04-19,Interstate 60: Episodes of the Road,https://www.imdb.com/title/tt0165832/,movie,7.7,116,2002,"Adventure, Comedy, Drama, Fantasy",26924,2002-04-13,Bob Gale
tt1659337,8,2013-04-19,The Perks of Being a Wallflower,https://www.imdb.com/title/tt1659337/,movie,8.0,103,2012,"Drama, Romance",414161,2012-09-08,Stephen Chbosky
tt0166896,8,2010-08-19,The Straight Story,https://www.imdb.com/title/tt0166896/,movie,8.0,112,1999,"Biography, Drama",73074,1999-05-21,David Lynch
tt0166924,7,2012-08-21,Mulholland Dr.,https://www.imdb.com/title/tt0166924/,movie,8.0,147,2001,"Drama, Mystery, Thriller",284327,2001-05-16,David Lynch
tt0167260,9,2010-08-19,The Lord of the Rings: The Return of the King,https://www.imdb.com/title/tt0167260/,movie,8.9,201,2003,"Action, Adventure, Drama, Fantasy",1448650,2003-12-01,Peter Jackson
tt0167261,9,2010-08-19,The Lord of the Rings: The Two Towers,https://www.imdb.com/title/tt0167261/,movie,8.7,179,2002,"Adventure, Drama, Fantasy",1309787,2002-12-05,Peter Jackson
tt0167404,9,2009-08-24,The Sixth Sense,https://www.imdb.com/title/tt0167404/,movie,8.1,107,1999,"Drama, Mystery, Thriller",824976,1999-08-02,M. Night Shyamalan
tt1675434,10,2012-05-30,Intouchables,https://www.imdb.com/title/tt1675434/,movie,8.5,112,2011,"Biography, Comedy, Drama",650201,2011-09-23,"Olivier Nakache, Éric Toledano"
tt0169547,10,2010-09-26,American Beauty,https://www.imdb.com/title/tt0169547/,movie,8.4,122,1999,Drama,968200,1999-09-08,Sam Mendes
tt1702443,1,2011-02-20,Justin Bieber: Never Say Never,https://www.imdb.com/title/tt1702443/,movie,1.6,105,2011,"Documentary, Music",74926,2011-02-11,Jon M. Chu
tt1706593,7,2012-11-15,Chronicle,https://www.imdb.com/title/tt1706593/,movie,7.1,84,2012,"Drama, Sci-Fi, Thriller",226149,2012-01-28,Josh Trank
tt1706620,4,2015-01-03,Snowpiercer,https://www.imdb.com/title/tt1706620/,movie,7.1,126,2013,"Action, Drama, Sci-Fi",229125,2013-07-29,Joon-ho Bong
tt1716772,7,2012-09-02,The Inbetweeners Movie,https://www.imdb.com/title/tt1716772/,movie,6.8,97,2011,Comedy,71819,2011-08-17,Ben Palmer
tt0172493,9,2012-07-23,"Girl, Interrupted",https://www.imdb.com/title/tt0172493/,movie,7.4,127,1999,"Biography, Drama",143978,1999-12-08,James Mangold
tt0172495,10,2011-02-07,Gladiator,https://www.imdb.com/title/tt0172495/,movie,8.5,155,2000,"Action, Adventure, Drama",1176659,2000-05-01,Ridley Scott
tt0175142,6,2007-12-30,Scary Movie,https://www.imdb.com/title/tt0175142/,movie,6.2,88,2000,Comedy,210875,2000-07-07,Keenen Ivory Wayans
tt1772341,6,2013-07-09,Wreck-It Ralph,https://www.imdb.com/title/tt1772341/,movie,7.7,101,2012,"Animation, Adventure, Comedy, Family, Fantasy",328045,2012-11-01,Rich Moore
tt1778338,10,2014-12-03,The Culture High,https://www.imdb.com/title/tt1778338/,movie,8.3,120,2014,"Documentary, News",3444,2014-09-18,Brett Harvey
tt1796960,10,2014-01-12,Homeland,https://www.imdb.com/title/tt1796960/,tvSeries,8.3,55,2011,"Crime, Drama, Mystery, Thriller",272373,2011-10-02,
tt0180093,10,2007-08-30,Requiem for a Dream,https://www.imdb.com/title/tt0180093/,movie,8.3,102,2000,Drama,683020,2000-05-14,Darren Aronofsky
tt0181875,8,2010-11-27,Almost Famous,https://www.imdb.com/title/tt0181875/,movie,7.9,122,2000,"Adventure, Comedy, Drama, Music",231295,2000-09-08,Cameron Crowe
tt0182576,8,2010-10-04,Family Guy,https://www.imdb.com/title/tt0182576/,tvSeries,8.2,22,1998,"Animation, Comedy",276509,1999-01-31,
tt1832382,9,2012-12-16,Jodaeiye Nader az Simin,https://www.imdb.com/title/tt1832382/,movie,8.3,123,2011,Drama,190008,2011-02-01,Asghar Farhadi
tt0183649,10,2007-10-11,Phone Booth,https://www.imdb.com/title/tt0183649/,movie,7.1,81,2002,"Crime, Thriller",232604,2002-09-10,Joel Schumacher
tt1837642,6,2014-01-12,Revenge,https://www.imdb.com/title/tt1837642/,tvSeries,7.9,44,2011,"Drama, Mystery, Thriller",106088,2011-09-21,
tt1853728,8,2013-04-21,Django Unchained,https://www.imdb.com/title/tt1853728/,movie,8.4,165,2012,"Drama, Western",1172999,2012-12-11,Quentin Tarantino
tt1856010,8,2014-03-09,House of Cards,https://www.imdb.com/title/tt1856010/,tvSeries,8.8,51,2013,Drama,418556,2013-02-01,
tt0188674,9,2011-06-15,Human Traffic,https://www.imdb.com/title/tt0188674/,movie,7.1,99,1999,"Comedy, Music",21362,1999-06-04,Justin Kerrigan
tt1899353,7,2012-08-21,Serbuan maut,https://www.imdb.com/title/tt1899353/,movie,7.6,101,2011,"Action, Thriller",172125,2011-09-08,Gareth Evans
tt0190590,6,2008-08-05,"O Brother, Where Art Thou?",https://www.imdb.com/title/tt0190590/,movie,7.8,107,2000,"Adventure, Comedy, Crime, Music",258952,2000-05-13,"Ethan Coen, Joel Coen"
tt1907668,8,2013-02-11,Flight,https://www.imdb.com/title/tt1907668/,movie,7.3,138,2012,"Drama, Thriller",296946,2012-10-14,Robert Zemeckis
tt0191754,10,2012-09-05,28 Days,https://www.imdb.com/title/tt0191754/,movie,6.0,103,2000,"Comedy, Drama",39631,2000-02-08,Betty Thomas
tt1931533,8,2013-04-19,Seven Psychopaths,https://www.imdb.com/title/tt1931533/,movie,7.2,110,2012,"Comedy, Crime",218624,2012-09-07,Martin McDonagh
tt0193676,10,2014-03-26,Freaks and Geeks,https://www.imdb.com/title/tt0193676/,tvSeries,8.8,44,1999,"Comedy, Drama",115233,1999-09-25,
tt1951090,10,2012-12-09,Quebrando o Tabu,https://www.imdb.com/title/tt1951090/,movie,7.7,80,2011,Documentary,921,2011-06-03,"Cosmo Feilding-Mellen, Fernando Grostein Andrade"
tt0198781,9,2009-01-30,"Monsters, Inc.",https://www.imdb.com/title/tt0198781/,movie,8.1,92,2001,"Animation, Adventure, Comedy, Family, Fantasy",716966,2001-10-28,"Pete Docter, David Silverman, Lee Unkrich"
tt0203019,9,2008-02-01,Men of Honor,https://www.imdb.com/title/tt0203019/,movie,7.2,129,2000,"Biography, Drama",99377,2000-09-14,George Tillman Jr.
tt0206634,8,2008-06-29,Children of Men,https://www.imdb.com/title/tt0206634/,movie,7.9,109,2006,"Drama, Sci-Fi, Thriller",419415,2006-09-03,Alfonso Cuarón
tt0208092,9,2011-01-05,Snatch,https://www.imdb.com/title/tt0208092/,movie,8.3,104,2000,"Comedy, Crime",702433,2000-08-23,Guy Ritchie
tt2082197,8,2013-02-17,Barfi!,https://www.imdb.com/title/tt2082197/,movie,8.1,151,2012,"Comedy, Drama, Romance",67186,2012-09-13,Anurag Basu
tt0209077,6,2009-03-11,Ken Park,https://www.imdb.com/title/tt0209077/,movie,5.9,93,2002,Drama,27200,2002-08-31,"Larry Clark, Edward Lachman"
tt0209144,10,2010-08-19,Memento,https://www.imdb.com/title/tt0209144/,movie,8.5,113,2000,"Mystery, Thriller",1007086,2000-09-05,Christopher Nolan
tt0211915,9,2008-10-11,Le fabuleux destin d'Amélie Poulain,https://www.imdb.com/title/tt0211915/,movie,8.3,122,2001,"Comedy, Romance",636649,2001-04-25,Jean-Pierre Jeunet
tt2193021,2,2013-03-26,Arrow,https://www.imdb.com/title/tt2193021/,tvSeries,7.7,42,2012,"Action, Adventure, Crime, Drama, Mystery, Sci-Fi",369750,2012-10-10,
tt0221027,10,2009-01-20,Blow,https://www.imdb.com/title/tt0221027/,movie,7.6,124,2001,"Biography, Crime, Drama",220371,2001-03-29,Ted Demme
tt2267998,3,2014-11-12,Gone Girl,https://www.imdb.com/title/tt2267998/,movie,8.1,149,2014,"Crime, Drama, Mystery, Thriller",735409,2014-09-26,David Fincher
tt2294629,7,2014-03-16,Frozen,https://www.imdb.com/title/tt2294629/,movie,7.5,102,2013,"Animation, Adventure, Comedy, Family, Fantasy, Musical",502210,2013-11-10,"Jennifer Lee, Chris Buck"
tt0234215,10,2007-08-25,The Matrix Reloaded,https://www.imdb.com/title/tt0234215/,movie,7.2,138,2003,"Action, Sci-Fi",469102,2003-05-07,"Lilly Wachowski, Lana Wachowski"
tt2356777,10,2014-03-09,True Detective,https://www.imdb.com/title/tt2356777/,tvSeries,9.0,55,2014,"Crime, Drama, Mystery, Thriller",418529,2014-01-12,
tt0236640,9,2008-01-19,Prozac Nation,https://www.imdb.com/title/tt0236640/,movie,6.3,95,2001,"Biography, Drama, Romance",16048,2001-09-08,Erik Skjoldbjærg
tt0237123,10,2014-01-12,Coupling,https://www.imdb.com/title/tt0237123/,tvSeries,8.6,30,2000,"Comedy, Romance",39504,2000-05-12,
tt0238380,8,2012-09-27,Equilibrium,https://www.imdb.com/title/tt0238380/,movie,7.5,107,2002,"Action, Drama, Sci-Fi, Thriller",291547,2002-12-06,Kurt Wimmer
tt2397535,10,2015-11-28,Predestination,https://www.imdb.com/title/tt2397535/,movie,7.5,97,2014,"Drama, Mystery, Sci-Fi, Thriller",218780,2014-03-08,"Michael Spierig, Peter Spierig"
tt0242653,10,2007-08-25,The Matrix Revolutions,https://www.imdb.com/title/tt0242653/,movie,6.7,129,2003,"Action, Sci-Fi",407135,2003-10-27,"Lilly Wachowski, Lana Wachowski"
tt0245429,9,2009-01-22,Sen to Chihiro no kamikakushi,https://www.imdb.com/title/tt0245429/,movie,8.6,125,2001,"Animation, Adventure, Family, Fantasy, Mystery",536814,2001-07-20,"Hayao Miyazaki, Kirk Wise"
tt0245712,8,2011-05-03,Amores perros,https://www.imdb.com/title/tt0245712/,movie,8.1,154,2000,"Drama, Thriller",203268,2000-05-14,Alejandro G. Iñárritu
tt0246578,10,2008-11-24,Donnie Darko,https://www.imdb.com/title/tt0246578/,movie,8.1,113,2001,"Drama, Sci-Fi, Thriller",683679,2001-01-19,Richard Kelly
tt0250258,9,2007-12-22,Das Experiment,https://www.imdb.com/title/tt0250258/,movie,7.7,120,2001,"Drama, Thriller",86179,2001-03-07,Oliver Hirschbiegel
tt0252501,10,2010-03-14,Hearts in Atlantis,https://www.imdb.com/title/tt0252501/,movie,6.9,101,2001,"Drama, Mystery",33574,2001-09-07,Scott Hicks
tt0253474,9,2009-01-22,The Pianist,https://www.imdb.com/title/tt0253474/,movie,8.5,150,2002,"Biography, Drama, Music, War",619761,2002-05-24,Roman Polanski
tt2555268,10,2014-09-26,Maidentrip,https://www.imdb.com/title/tt2555268/,movie,7.5,82,2013,"Documentary, Adventure, Biography",3404,2013-03-10,Jillian Schlesinger
tt0259711,10,2008-08-12,Vanilla Sky,https://www.imdb.com/title/tt0259711/,movie,6.9,136,2001,"Fantasy, Mystery, Romance, Sci-Fi, Thriller",230486,2001-12-10,Cameron Crowe
tt0261392,6,2010-05-31,Jay and Silent Bob Strike Back,https://www.imdb.com/title/tt0261392/,movie,6.9,104,2001,Comedy,139167,2001-08-22,Kevin Smith
tt0264235,9,2011-09-27,Curb Your Enthusiasm,https://www.imdb.com/title/tt0264235/,tvSeries,8.7,28,2000,Comedy,82691,2000-10-15,
tt0264464,9,2012-08-14,Catch Me If You Can,https://www.imdb.com/title/tt0264464/,movie,8.1,141,2002,"Biography, Crime, Drama",691051,2002-12-16,Steven Spielberg
tt0265208,8,2007-12-12,The Girl Next Door,https://www.imdb.com/title/tt0265208/,movie,6.7,109,2004,"Comedy, Drama, Romance",187653,2004-02-18,Luke Greenfield
tt0266308,9,2008-12-26,Batoru rowaiaru,https://www.imdb.com/title/tt0266308/,movie,7.7,114,2000,"Adventure, Drama, Sci-Fi, Thriller",156812,2000-10-31,Kinji Fukasaku
tt0266452,3,2012-08-25,Death to Smoochy,https://www.imdb.com/title/tt0266452/,movie,6.4,109,2002,"Comedy, Crime, Drama, Thriller",36889,2002-02-28,Danny DeVito
tt0266543,9,2011-01-05,Finding Nemo,https://www.imdb.com/title/tt0266543/,movie,8.1,100,2003,"Animation, Adventure, Comedy, Family",843437,2003-05-30,"Andrew Stanton, Lee Unkrich"
tt0266697,10,2011-02-07,Kill Bill: Vol. 1,https://www.imdb.com/title/tt0266697/,movie,8.1,111,2003,"Action, Crime, Thriller",879702,2003-09-29,Quentin Tarantino
tt0268126,10,2011-02-13,Adaptation.,https://www.imdb.com/title/tt0268126/,movie,7.7,115,2002,"Comedy, Drama",162566,2002-12-03,Spike Jonze
tt0268695,10,2007-09-02,The Time Machine,https://www.imdb.com/title/tt0268695/,movie,5.9,96,2002,"Action, Adventure, Sci-Fi",111775,2002-03-04,Simon Wells
tt0268978,10,2007-12-30,A Beautiful Mind,https://www.imdb.com/title/tt0268978/,movie,8.2,135,2001,"Biography, Drama",749807,2001-12-13,Ron Howard
tt0272152,10,2011-04-02,K-PAX,https://www.imdb.com/title/tt0272152/,movie,7.4,120,2001,"Drama, Sci-Fi",165219,2001-10-22,Iain Softley
tt0274558,4,2009-03-24,The Hours,https://www.imdb.com/title/tt0274558/,movie,7.6,110,2002,"Drama, Romance",114599,2002-12-15,Stephen Daldry
tt0274812,8,2009-12-20,Secretary,https://www.imdb.com/title/tt0274812/,movie,7.0,107,2002,"Comedy, Drama, Romance",76087,2002-01-11,Steven Shainberg
tt0278488,9,2007-12-30,How High,https://www.imdb.com/title/tt0278488/,movie,6.3,93,2001,"Comedy, Fantasy",48986,2001-12-17,Jesse Dylan
tt0279113,8,2009-11-25,The Good Girl,https://www.imdb.com/title/tt0279113/,movie,6.4,93,2002,"Drama, Romance",40967,2002-01-12,Miguel Arteta
tt0281358,8,2008-10-02,A Walk to Remember,https://www.imdb.com/title/tt0281358/,movie,7.4,101,2002,"Drama, Romance",184866,2002-01-23,Adam Shankman
tt0284837,8,2007-10-15,Ali G Indahouse,https://www.imdb.com/title/tt0284837/,movie,6.2,85,2002,Comedy,77531,2002-03-22,Mark Mylod
tt0285861,7,2008-08-10,Owning Mahowny,https://www.imdb.com/title/tt0285861/,movie,7.1,104,2003,"Crime, Drama, Thriller",11776,2003-01-23,Richard Kwietniowski
tt0287467,5,2009-01-20,Hable con ella,https://www.imdb.com/title/tt0287467/,movie,8.0,112,2002,"Drama, Mystery, Romance",95665,2002-03-15,Pedro Almodóvar
tt0289765,7,2008-09-21,Red Dragon,https://www.imdb.com/title/tt0289765/,movie,7.2,124,2002,"Crime, Drama, Thriller",227448,2002-09-30,Brett Ratner
tt0289879,9,2012-07-23,The Butterfly Effect,https://www.imdb.com/title/tt0289879/,movie,7.7,113,2004,"Drama, Sci-Fi, Thriller",411892,2004-01-17,"J. Mackye Gruber, Eric Bress"
tt0290673,9,2012-07-23,Irréversible,https://www.imdb.com/title/tt0290673/,movie,7.4,97,2002,"Crime, Drama, Mystery, Thriller",103386,2002-05-22,Gaspar Noé
tt0290978,10,2014-03-26,The Office,https://www.imdb.com/title/tt0290978/,tvSeries,8.5,30,2001,"Comedy, Drama",83578,2001-07-09,
tt2911666,9,2015-04-19,John Wick,https://www.imdb.com/title/tt2911666/,movie,7.3,101,2014,"Action, Crime, Thriller",410515,2014-09-19,"David Leitch, Chad Stahelski"
tt0293715,5,2012-09-27,Yeopgijeogin geunyeo,https://www.imdb.com/title/tt0293715/,movie,8.1,123,2001,"Comedy, Drama, Romance",41593,2001-07-27,Jae-young Kwak
tt0295701,6,2007-12-30,xXx,https://www.imdb.com/title/tt0295701/,movie,5.9,124,2002,"Action, Adventure, Thriller",163353,2002-08-09,Rob Cohen
tt0296572,8,2010-12-28,The Chronicles of Riddick,https://www.imdb.com/title/tt0296572/,movie,6.7,119,2004,"Action, Adventure, Sci-Fi, Thriller",201510,2004-06-03,David Twohy
tt0299658,7,2012-07-23,Chicago,https://www.imdb.com/title/tt0299658/,movie,7.2,113,2002,"Comedy, Crime, Musical",197227,2002-12-10,Rob Marshall
tt0299977,8,2012-09-05,Ying xiong,https://www.imdb.com/title/tt0299977/,movie,7.9,107,2002,"Action, Adventure, History",163643,2002-10-24,Yimou Zhang
tt0300140,8,2008-07-03,Lilja 4-ever,https://www.imdb.com/title/tt0300140/,movie,7.9,109,2002,"Crime, Drama",39254,2002-08-23,Lukas Moodysson
tt0302886,7,2012-09-04,Old School,https://www.imdb.com/title/tt0302886/,movie,7.1,88,2003,Comedy,201030,2003-02-13,Todd Phillips
tt0303461,6,2014-03-09,Firefly,https://www.imdb.com/title/tt0303461/,tvSeries,9.0,44,2002,"Adventure, Drama, Sci-Fi",220227,2002-09-20,
tt0305206,9,2012-09-08,American Splendor,https://www.imdb.com/title/tt0305206/,movie,7.5,101,2003,"Biography, Comedy, Drama",45096,2003-01-20,"Shari Springer Berman, Robert Pulcini"
tt0306414,5,2014-03-09,The Wire,https://www.imdb.com/title/tt0306414/,tvSeries,9.3,59,2002,"Crime, Drama, Thriller",236137,2002-06-02,
tt0307901,10,2008-09-20,25th Hour,https://www.imdb.com/title/tt0307901/,movie,7.7,135,2002,Drama,161093,2002-12-16,Spike Lee
tt0308644,9,2012-07-23,Finding Neverland,https://www.imdb.com/title/tt0308644/,movie,7.7,106,2004,"Biography, Drama, Family",188965,2004-09-04,Marc Forster
tt0312172,7,2010-08-02,Monk,https://www.imdb.com/title/tt0312172/,tvSeries,8.0,47,2002,"Comedy, Crime, Drama, Mystery",57826,2002-07-12,
tt0315983,7,2012-09-27,House of Sand and Fog,https://www.imdb.com/title/tt0315983/,movie,7.6,126,2003,"Crime, Drama",61070,2003-12-19,Vadim Perelman
tt0317219,6,2007-12-30,Cars,https://www.imdb.com/title/tt0317219/,movie,7.1,117,2006,"Animation, Comedy, Family, Sport",316972,2006-03-14,"John Lasseter, Joe Ranft"
tt0317248,10,2008-02-09,Cidade de Deus,https://www.imdb.com/title/tt0317248/,movie,8.6,130,2002,"Crime, Drama",628152,2002-05-18,"Kátia Lund, Fernando Meirelles"
tt0317705,4,2008-10-11,The Incredibles,https://www.imdb.com/title/tt0317705/,movie,8.0,115,2004,"Animation, Action, Adventure, Family",580235,2004-10-27,Brad Bird
tt3179568,10,2015-06-18,"Men, Women & Children",https://www.imdb.com/title/tt3179568/,movie,6.7,119,2014,"Comedy, Drama",27507,2014-09-06,Jason Reitman
tt0318403,8,2013-04-19,The Lion King 1½,https://www.imdb.com/title/tt0318403/,video,6.6,77,2004,"Animation, Adventure, Comedy, Family, Musical",30847,2004-02-10,Bradley Raymond
tt0319061,8,2009-05-12,Big Fish,https://www.imdb.com/title/tt0319061/,movie,8.0,125,2003,"Adventure, Drama, Fantasy, Romance",384282,2003-12-04,Tim Burton
tt0325980,9,2011-02-07,Pirates of the Caribbean: The Curse of the Black Pearl,https://www.imdb.com/title/tt0325980/,movie,8.0,143,2003,"Action, Adventure, Fantasy",945120,2003-06-28,Gore Verbinski
tt0327056,6,2008-08-07,Mystic River,https://www.imdb.com/title/tt0327056/,movie,8.0,138,2003,"Crime, Drama, Mystery, Thriller",381685,2003-05-23,Clint Eastwood
tt0327084,7,2007-12-30,Over the Hedge,https://www.imdb.com/title/tt0327084/,movie,6.7,83,2006,"Animation, Adventure, Comedy, Family, Fantasy",144376,2006-04-22,"Tim Johnson, Karey Kirkpatrick"
tt0327137,8,2008-08-05,Secondhand Lions,https://www.imdb.com/title/tt0327137/,movie,7.6,111,2003,"Comedy, Drama, Family",47752,2003-09-05,Tim McCanlies
tt0328107,9,2012-07-23,Man on Fire,https://www.imdb.com/title/tt0328107/,movie,7.7,146,2004,"Action, Crime, Drama, Thriller",301599,2004-04-21,Tony Scott
tt0328832,9,2007-12-30,The Animatrix,https://www.imdb.com/title/tt0328832/,video,7.4,100,2003,"Animation, Action, Adventure, Sci-Fi",66765,2003-04-17,"Yoshiaki Kawajiri, Shin'ichirô Watanabe, Takeshi Koike, Peter Chung, Kôji Morimoto, Mahiro Maeda, Andrew R. Jones"
tt0332280,9,2011-09-27,The Notebook,https://www.imdb.com/title/tt0332280/,movie,7.9,123,2004,"Drama, Romance",461195,2004-05-20,Nick Cassavetes
tt0333766,10,2010-05-26,Garden State,https://www.imdb.com/title/tt0333766/,movie,7.5,102,2004,"Comedy, Drama, Romance",199789,2004-01-16,Zach Braff
tt0338013,10,2007-12-05,Eternal Sunshine of the Spotless Mind,https://www.imdb.com/title/tt0338013/,movie,8.3,108,2004,"Drama, Romance, Sci-Fi",802451,2004-03-09,Michel Gondry
tt0338216,10,2007-09-20,Lucky You,https://www.imdb.com/title/tt0338216/,movie,5.9,124,2007,"Drama, Romance, Sport",19389,2007-05-01,Curtis Hanson
tt0338309,9,2009-04-29,Ondskan,https://www.imdb.com/title/tt0338309/,movie,7.8,113,2003,Drama,33164,2003-05-16,Mikael Håfström
tt0339291,3,2011-04-10,A Series of Unfortunate Events,https://www.imdb.com/title/tt0339291/,movie,6.8,108,2004,"Adventure, Comedy, Family, Fantasy",181670,2004-12-16,Brad Silberling
tt0340377,7,2012-09-07,The Station Agent,https://www.imdb.com/title/tt0340377/,movie,7.7,89,2003,"Comedy, Drama",63187,2003-01-26,Tom McCarthy
tt0340855,6,2008-09-16,Monster,https://www.imdb.com/title/tt0340855/,movie,7.3,109,2003,"Biography, Crime, Drama, Thriller",122010,2003-11-16,Patty Jenkins
tt0342258,7,2009-05-19,Unleashed,https://www.imdb.com/title/tt0342258/,movie,7.0,103,2005,"Action, Crime, Drama, Thriller",92871,2005-01-10,Louis Leterrier
tt0345549,8,2012-09-27,Ruang rak noi nid mahasan,https://www.imdb.com/title/tt0345549/,movie,7.6,112,2003,"Comedy, Drama, Romance",10418,2003-08-08,Pen-Ek Ratanaruang
tt0034583,7,2007-12-12,Casablanca,https://www.imdb.com/title/tt0034583/,movie,8.5,102,1942,"Drama, Romance, War",463749,1942-11-26,Michael Curtiz
tt0348333,10,2015-01-07,Waiting...,https://www.imdb.com/title/tt0348333/,movie,6.8,94,2005,Comedy,82465,2005-10-07,Rob McKittrick
tt0349166,7,2007-08-25,Supernatural,https://www.imdb.com/title/tt0349166/,tvMovie,8.4,100,2005,"Action, Adventure, Drama, Sci-Fi",2032,,Jim Fitzpatrick
tt0349825,4,2013-09-23,Miracle,https://www.imdb.com/title/tt0349825/,movie,7.5,135,2004,"Biography, Drama, History, Sport",42322,2004-02-02,Gavin O'Connor
tt0356910,8,2009-01-07,Mr. & Mrs. Smith,https://www.imdb.com/title/tt0356910/,movie,6.5,120,2005,"Action, Comedy, Crime, Thriller",406124,2005-06-07,Doug Liman
tt0357413,7,2013-04-19,Anchorman: The Legend of Ron Burgundy,https://www.imdb.com/title/tt0357413/,movie,7.2,94,2004,Comedy,302600,2004-06-28,Adam McKay
tt0361227,8,2009-01-04,Punk'd,https://www.imdb.com/title/tt0361227/,tvSeries,6.0,30,2003,"Comedy, Reality-TV",7319,2003-03-17,
tt0361748,10,2009-08-21,Inglourious Basterds,https://www.imdb.com/title/tt0361748/,movie,8.3,153,2009,"Adventure, Drama, War",1084814,2009-05-20,"Quentin Tarantino, Eli Roth"
tt0361862,9,2009-07-01,The Machinist,https://www.imdb.com/title/tt0361862/,movie,7.7,101,2004,"Drama, Thriller",323545,2004-01-18,Brad Anderson
tt0363163,8,2009-04-22,Der Untergang,https://www.imdb.com/title/tt0363163/,movie,8.2,156,2004,"Biography, Drama, History, War",297353,2004-09-08,Oliver Hirschbiegel
tt0363771,3,2010-12-28,"The Chronicles of Narnia: The Lion, the Witch and the Wardrobe",https://www.imdb.com/title/tt0363771/,movie,6.9,143,2005,"Adventure, Family, Fantasy",331951,2005-12-07,Andrew Adamson
tt0363988,7,2010-06-12,Secret Window,https://www.imdb.com/title/tt0363988/,movie,6.6,96,2004,"Drama, Mystery, Thriller",166649,2004-03-07,David Koepp
tt0364569,7,2008-09-16,Oldeuboi,https://www.imdb.com/title/tt0364569/,movie,8.4,120,2003,"Action, Drama, Mystery, Thriller",444032,2003-11-21,Chan-wook Park
tt0364828,10,2007-08-27,Las Vegas,https://www.imdb.com/title/tt0364828/,tvSeries,7.5,60,2003,"Crime, Drama",24437,2003-09-22,
tt0365748,10,2011-09-28,Shaun of the Dead,https://www.imdb.com/title/tt0365748/,movie,7.9,99,2004,"Comedy, Horror",458769,2004-03-29,Edgar Wright
tt0366627,8,2007-11-03,The Jacket,https://www.imdb.com/title/tt0366627/,movie,7.1,103,2005,"Drama, Fantasy, Mystery, Sci-Fi, Thriller",102329,2005-01-23,John Maybury
tt0367279,8,2014-03-09,Arrested Development,https://www.imdb.com/title/tt0367279/,tvSeries,8.9,22,2003,Comedy,248727,2003-11-02,
tt0367479,8,2010-07-16,After the Sunset,https://www.imdb.com/title/tt0367479/,movie,6.3,97,2004,"Action, Comedy, Crime, Drama",41776,2004-11-10,Brett Ratner
tt0367594,7,2009-05-12,Charlie and the Chocolate Factory,https://www.imdb.com/title/tt0367594/,movie,6.7,115,2005,"Adventure, Comedy, Family, Fantasy, Musical",379206,2005-07-10,Tim Burton
tt0368226,4,2012-08-25,The Room,https://www.imdb.com/title/tt0368226/,movie,3.7,99,2003,Drama,68665,2003-06-27,Tommy Wiseau
tt0371257,7,2008-07-16,Stay,https://www.imdb.com/title/tt0371257/,movie,6.9,99,2005,"Drama, Mystery, Thriller",69227,2005-09-24,Marc Forster
tt0371724,8,2013-04-19,The Hitchhiker's Guide to the Galaxy,https://www.imdb.com/title/tt0371724/,movie,6.8,109,2005,"Adventure, Comedy, Sci-Fi",174820,2005-04-20,Garth Jennings
tt0371746,9,2008-05-21,Iron Man,https://www.imdb.com/title/tt0371746/,movie,7.9,126,2008,"Action, Adventure, Sci-Fi",825407,2008-04-14,Jon Favreau
tt0372784,8,2007-12-30,Batman Begins,https://www.imdb.com/title/tt0372784/,movie,8.3,140,2005,"Action, Adventure, Thriller",1162120,2005-05-31,Christopher Nolan
tt0373469,7,2012-09-27,Kiss Kiss Bang Bang,https://www.imdb.com/title/tt0373469/,movie,7.6,103,2005,"Action, Comedy, Crime, Mystery, Thriller",199403,2005-05-14,Shane Black
tt0374223,7,2012-08-25,Siin me oleme!,https://www.imdb.com/title/tt0374223/,tvMovie,8.3,67,1979,Comedy,633,1979-01-01,Sulev Nõmmik
tt0375063,8,2011-05-03,Sideways,https://www.imdb.com/title/tt0375063/,movie,7.5,127,2004,"Comedy, Drama, Romance",167187,2004-09-13,Alexander Payne
tt0375679,9,2007-12-30,Crash,https://www.imdb.com/title/tt0375679/,movie,7.8,112,2004,"Crime, Drama, Thriller",395692,2004-09-10,Paul Haggis
tt0378194,10,2011-02-07,Kill Bill: Vol. 2,https://www.imdb.com/title/tt0378194/,movie,8.0,137,2004,"Action, Crime, Thriller",596838,2004-04-08,Quentin Tarantino
tt0037884,8,2012-09-27,The Lost Weekend,https://www.imdb.com/title/tt0037884/,movie,8.0,101,1945,"Drama, Film-Noir",29687,1945-10-05,Billy Wilder
tt0379786,8,2008-06-25,Serenity,https://www.imdb.com/title/tt0379786/,movie,7.9,119,2005,"Action, Adventure, Sci-Fi, Thriller",265731,2005-08-22,Joss Whedon
tt0380510,10,2010-03-02,The Lovely Bones,https://www.imdb.com/title/tt0380510/,movie,6.7,135,2009,"Drama, Fantasy, Thriller",142470,2009-11-24,Peter Jackson
tt0381061,6,2009-11-25,Casino Royale,https://www.imdb.com/title/tt0381061/,movie,8.0,144,2006,"Action, Adventure, Thriller",529335,2006-11-14,Martin Campbell
tt0381681,7,2012-09-27,Before Sunset,https://www.imdb.com/title/tt0381681/,movie,8.1,80,2004,"Drama, Romance",201938,2004-02-10,Richard Linklater
tt0381849,7,2007-12-30,3:10 to Yuma,https://www.imdb.com/title/tt0381849/,movie,7.7,122,2007,"Action, Crime, Drama, Western",265216,2007-08-21,James Mangold
tt0382932,7,2007-12-30,Ratatouille,https://www.imdb.com/title/tt0382932/,movie,8.0,111,2007,"Animation, Adventure, Comedy, Drama, Family, Fantasy",559792,2007-06-22,"Brad Bird, Jan Pinkava"
tt0383028,10,2013-10-12,"Synecdoche, New York",https://www.imdb.com/title/tt0383028/,movie,7.5,124,2008,"Comedy, Drama",69668,2008-05-23,Charlie Kaufman
tt0383574,8,2011-09-27,Pirates of the Caribbean: Dead Man's Chest,https://www.imdb.com/title/tt0383574/,movie,7.3,151,2006,"Action, Adventure, Fantasy",600771,2006-06-24,Gore Verbinski
tt0384328,7,2012-08-25,Mehed ei nuta,https://www.imdb.com/title/tt0384328/,tvMovie,8.2,80,1968,Comedy,428,,Sulev Nõmmik
tt0384766,8,2014-03-09,Rome,https://www.imdb.com/title/tt0384766/,tvSeries,8.8,90,2005,"Action, Drama, History, Romance, War",136912,2005-08-28,
tt0385690,8,2012-09-27,Stewie Griffin: The Untold Story,https://www.imdb.com/title/tt0385690/,video,7.7,88,2005,"Animation, Adventure, Comedy",31513,2005-07-23,"Peter Shin, Pete Michels"
tt0386676,10,2009-12-05,The Office,https://www.imdb.com/title/tt0386676/,tvSeries,8.8,22,2005,Comedy,276074,2005-03-24,
tt0387564,6,2007-12-30,Saw,https://www.imdb.com/title/tt0387564/,movie,7.6,103,2004,"Horror, Mystery",345181,2004-01-19,James Wan
tt0389860,10,2012-08-25,Click,https://www.imdb.com/title/tt0389860/,movie,6.4,107,2006,"Comedy, Drama, Fantasy, Romance",277980,2006-06-14,Frank Coraci
tt0390384,7,2012-11-15,Primer,https://www.imdb.com/title/tt0390384/,movie,6.9,77,2004,"Drama, Sci-Fi, Thriller",87811,2004-01-16,Shane Carruth
tt0393109,2,2009-01-06,Brick,https://www.imdb.com/title/tt0393109/,movie,7.4,110,2005,"Action, Crime, Drama, Mystery, Thriller",93597,2005-01-31,Rian Johnson
tt0395169,10,2007-11-26,Hotel Rwanda,https://www.imdb.com/title/tt0395169/,movie,8.1,121,2004,"Biography, Drama, History, War",307615,2004-09-11,Terry George
tt0396171,10,2012-08-25,Perfume: The Story of a Murderer,https://www.imdb.com/title/tt0396171/,movie,7.5,147,2006,"Crime, Drama, Fantasy",215120,2006-09-07,Tom Tykwer
tt0397892,7,2009-06-08,Bolt,https://www.imdb.com/title/tt0397892/,movie,6.9,96,2008,"Animation, Adventure, Comedy, Drama, Family",170051,2008-11-17,"Byron Howard, Chris Williams"
tt0398027,8,2008-11-10,Down in the Valley,https://www.imdb.com/title/tt0398027/,movie,6.4,108,2005,"Drama, Romance, Thriller",17315,2005-05-13,David Jacobson
tt0398808,10,2008-07-15,Bridge to Terabithia,https://www.imdb.com/title/tt0398808/,movie,7.2,96,2007,"Adventure, Drama, Family, Fantasy",128543,2007-02-15,Gabor Csupo
tt0399146,9,2012-07-23,A History of Violence,https://www.imdb.com/title/tt0399146/,movie,7.5,96,2005,"Drama, Thriller",207444,2005-05-16,David Cronenberg
tt0401085,9,2013-04-19,C.R.A.Z.Y.,https://www.imdb.com/title/tt0401085/,movie,8.0,127,2005,"Comedy, Drama",29893,2005-05-27,Jean-Marc Vallée
tt0401383,10,2009-12-17,Le scaphandre et le papillon,https://www.imdb.com/title/tt0401383/,movie,8.0,112,2007,"Biography, Drama",97387,2007-05-22,Julian Schnabel
tt0401445,9,2010-03-14,A Good Year,https://www.imdb.com/title/tt0401445/,movie,7.0,117,2006,"Comedy, Drama, Romance",81048,2006-09-09,Ridley Scott
tt0401792,7,2007-12-30,Sin City,https://www.imdb.com/title/tt0401792/,movie,8.0,124,2005,"Crime, Thriller",708445,2005-03-28,"Frank Miller, Quentin Tarantino, Robert Rodriguez"
tt0404030,7,2009-11-26,Everything Is Illuminated,https://www.imdb.com/title/tt0404030/,movie,7.5,106,2005,"Comedy, Drama",54380,2005-09-03,Liev Schreiber
tt0404203,9,2009-01-21,Little Children,https://www.imdb.com/title/tt0404203/,movie,7.5,136,2006,"Drama, Romance",99518,2006-09-01,Todd Field
tt0405094,7,2009-05-03,Das Leben der Anderen,https://www.imdb.com/title/tt0405094/,movie,8.4,137,2006,"Drama, Thriller",313923,2006-03-15,Florian Henckel von Donnersmarck
tt0405159,10,2007-12-29,Million Dollar Baby,https://www.imdb.com/title/tt0405159/,movie,8.1,132,2004,"Drama, Sport",573582,2004-12-05,Clint Eastwood
tt0405296,6,2008-07-03,A Scanner Darkly,https://www.imdb.com/title/tt0405296/,movie,7.1,100,2006,"Animation, Crime, Drama, Mystery, Sci-Fi, Thriller",98642,2006-05-25,Richard Linklater
tt0405422,7,2013-04-19,The 40 Year Old Virgin,https://www.imdb.com/title/tt0405422/,movie,7.1,116,2005,"Comedy, Romance",354914,2005-08-11,Judd Apatow
tt0406408,10,2007-08-27,Derren Brown: Trick of the Mind,https://www.imdb.com/title/tt0406408/,tvSeries,8.7,30,2004,"Mystery, Documentary",557,2004-04-23,
tt0407265,8,2012-09-27,Transamerica,https://www.imdb.com/title/tt0407265/,movie,7.4,103,2005,"Adventure, Comedy, Drama",38689,2005-02-14,Duncan Tucker
tt0407362,10,2014-01-11,Battlestar Galactica,https://www.imdb.com/title/tt0407362/,tvSeries,8.7,44,2004,"Action, Adventure, Drama, Sci-Fi",138239,2004-10-18,
tt0407887,8,2007-12-30,The Departed,https://www.imdb.com/title/tt0407887/,movie,8.5,151,2006,"Crime, Drama, Thriller",1045678,2006-09-26,Martin Scorsese
tt0408236,10,2008-11-20,Sweeney Todd: The Demon Barber of Fleet Street,https://www.imdb.com/title/tt0408236/,movie,7.4,116,2007,"Drama, Horror, Musical, Thriller",316875,2007-12-03,Tim Burton
tt0408306,8,2011-02-07,Munich,https://www.imdb.com/title/tt0408306/,movie,7.6,164,2005,"Drama, History, Thriller",195637,2005-12-23,Steven Spielberg
tt0409459,7,2011-07-21,Watchmen,https://www.imdb.com/title/tt0409459/,movie,7.6,162,2009,"Action, Drama, Mystery, Sci-Fi",443753,2009-02-23,Zack Snyder
tt0409799,8,2007-12-28,Cashback,https://www.imdb.com/title/tt0409799/,short,7.7,18,2004,"Short, Comedy, Drama",9325,2004-08-01,Sean Ellis
tt0411008,10,2007-08-28,Lost,https://www.imdb.com/title/tt0411008/,tvSeries,8.4,44,2004,"Adventure, Drama, Fantasy, Mystery, Sci-Fi, Thriller",445136,2004-09-22,
tt0411477,2,2008-09-15,Hellboy II: The Golden Army,https://www.imdb.com/title/tt0411477/,movie,7.0,120,2008,"Action, Adventure, Fantasy, Horror, Sci-Fi",234649,2008-06-28,Guillermo del Toro
tt0412142,10,2009-10-07,House M.D.,https://www.imdb.com/title/tt0412142/,tvSeries,8.7,44,2004,"Drama, Mystery",365306,2004-11-16,
tt0414993,5,2008-09-17,The Fountain,https://www.imdb.com/title/tt0414993/,movie,7.3,96,2006,"Drama, Sci-Fi",213466,2006-09-04,Darren Aronofsky
tt0415978,9,2009-09-10,Me and You and Everyone We Know,https://www.imdb.com/title/tt0415978/,movie,7.3,91,2005,"Comedy, Drama",33247,2005-01-31,Miranda July
tt0416449,10,2007-08-25,300,https://www.imdb.com/title/tt0416449/,movie,7.7,117,2006,"Action, Fantasy",679498,2006-12-09,Zack Snyder
tt0417658,8,2013-04-19,Factotum,https://www.imdb.com/title/tt0417658/,movie,6.6,94,2005,"Comedy, Drama, Romance",13042,2005-04-12,Bent Hamer
tt0418279,6,2013-04-19,Transformers,https://www.imdb.com/title/tt0418279/,movie,7.1,144,2007,"Action, Adventure, Sci-Fi",561332,2007-06-12,Michael Bay
tt0418689,6,2007-10-04,Flags of Our Fathers,https://www.imdb.com/title/tt0418689/,movie,7.1,135,2006,"Drama, History, War",110223,2006-10-09,Clint Eastwood
tt0420223,10,2010-06-02,Stranger Than Fiction,https://www.imdb.com/title/tt0420223/,movie,7.6,113,2006,"Comedy, Drama, Fantasy, Romance",204476,2006-09-09,Marc Forster
tt0421715,10,2009-01-05,The Curious Case of Benjamin Button,https://www.imdb.com/title/tt0421715/,movie,7.8,166,2008,"Drama, Fantasy, Romance",527297,2008-12-10,David Fincher
tt0424345,7,2012-09-27,Clerks II,https://www.imdb.com/title/tt0424345/,movie,7.4,97,2006,Comedy,123143,2006-05-26,Kevin Smith
tt0425112,7,2012-07-23,Hot Fuzz,https://www.imdb.com/title/tt0425112/,movie,7.9,121,2007,"Action, Comedy, Mystery",414945,2007-02-14,Edgar Wright
tt0425210,10,2007-10-25,Lucky Number Slevin,https://www.imdb.com/title/tt0425210/,movie,7.8,110,2006,"Crime, Drama, Mystery, Thriller",285373,2006-02-24,Paul McGuigan
tt0427998,10,2008-06-05,The Grand,https://www.imdb.com/title/tt0427998/,movie,6.0,104,2007,Comedy,5198,2007-06-07,Zak Penn
tt0431308,10,2010-10-10,P.S. I Love You,https://www.imdb.com/title/tt0431308/,movie,7.1,126,2007,"Drama, Romance",188962,2007-12-20,Richard LaGravenese
tt0434409,9,2008-09-21,V for Vendetta,https://www.imdb.com/title/tt0434409/,movie,8.2,132,2005,"Action, Drama, Sci-Fi, Thriller",932471,2005-12-11,James McTeigue
tt0435761,10,2010-11-28,Toy Story 3,https://www.imdb.com/title/tt0435761/,movie,8.3,103,2010,"Animation, Adventure, Comedy, Family, Fantasy",661376,2010-06-12,Lee Unkrich
tt0437806,10,2015-09-12,Alone in the Wilderness,https://www.imdb.com/title/tt0437806/,tvMovie,8.8,57,2004,Documentary,3162,2004-10-08,
tt0438097,7,2008-10-11,Ice Age: The Meltdown,https://www.imdb.com/title/tt0438097/,movie,6.8,91,2006,"Animation, Adventure, Comedy, Family, Fantasy",228182,2006-03-29,Carlos Saldanha
tt0438315,10,2010-02-16,Peaceful Warrior,https://www.imdb.com/title/tt0438315/,movie,7.3,120,2006,"Drama, Romance, Sport",24243,2006-06-02,Victor Salva
tt0439815,7,2007-12-30,Slither,https://www.imdb.com/title/tt0439815/,movie,6.5,95,2006,"Comedy, Horror, Sci-Fi",68666,2006-03-31,James Gunn
tt0440963,7,2007-12-30,The Bourne Ultimatum,https://www.imdb.com/title/tt0440963/,movie,8.0,115,2007,"Action, Mystery, Thriller",573354,2007-07-25,Paul Greengrass
tt0443453,8,2007-12-30,Borat: Cultural Learnings of America for Make Benefit Glorious Nation of Kazakhstan,https://www.imdb.com/title/tt0443453/,movie,7.3,84,2006,Comedy,327408,2006-08-04,Larry Charles
tt0443543,10,2012-07-23,The Illusionist,https://www.imdb.com/title/tt0443543/,movie,7.6,110,2006,"Drama, Mystery, Romance, Thriller",332657,2006-01-22,Neil Burger
tt0443680,6,2012-08-27,The Assassination of Jesse James by the Coward Robert Ford,https://www.imdb.com/title/tt0443680/,movie,7.5,160,2007,"Biography, Crime, Drama, History, Western",154392,2007-09-02,Andrew Dominik
tt0443701,5,2008-08-10,The X Files: I Want to Believe,https://www.imdb.com/title/tt0443701/,movie,5.9,104,2008,"Drama, Horror, Mystery, Sci-Fi, Thriller",84629,2008-07-24,Chris Carter
tt0445554,10,2007-08-22,Malev,https://www.imdb.com/title/tt0445554/,movie,7.3,109,2005,"Action, Comedy",720,2005-09-09,Kaaren Kaer
tt0446029,4,2010-12-16,Scott Pilgrim vs. the World,https://www.imdb.com/title/tt0446029/,movie,7.5,112,2010,"Action, Comedy, Fantasy, Romance",329004,2010-07-27,Edgar Wright
tt0446059,8,2009-09-14,Huo yuanjia,https://www.imdb.com/title/tt0446059/,movie,7.7,104,2006,"Action, Biography, Drama, Sport",68327,2006-01-26,Ronny Yu
tt0446676,10,2007-12-29,Deal,https://www.imdb.com/title/tt0446676/,movie,5.4,85,2008,Drama,4220,2008-01-29,Gil Cates Jr.
tt0446755,8,2010-08-16,The Painted Veil,https://www.imdb.com/title/tt0446755/,movie,7.5,125,2006,"Drama, Romance",84595,2006-12-20,John Curran
tt0448134,7,2007-12-30,Sunshine,https://www.imdb.com/title/tt0448134/,movie,7.3,107,2007,"Adventure, Sci-Fi, Thriller",216118,2007-03-23,Danny Boyle
tt0449059,7,2008-08-17,Little Miss Sunshine,https://www.imdb.com/title/tt0449059/,movie,7.8,101,2006,"Comedy, Drama",401815,2006-01-20,"Jonathan Dayton, Valerie Faris"
tt0450259,8,2007-12-30,Blood Diamond,https://www.imdb.com/title/tt0450259/,movie,8.0,143,2006,"Adventure, Drama, Thriller",454161,2006-12-08,Edward Zwick
tt0045152,7,2010-08-19,Singin' in the Rain,https://www.imdb.com/title/tt0045152/,movie,8.3,103,1952,"Comedy, Musical, Romance",190448,1952-03-27,"Gene Kelly, Stanley Donen"
tt0452608,4,2009-04-28,Death Race,https://www.imdb.com/title/tt0452608/,movie,6.4,105,2008,"Action, Sci-Fi, Thriller",184709,2008-08-21,Paul W.S. Anderson
tt0452623,9,2008-10-25,Gone Baby Gone,https://www.imdb.com/title/tt0452623/,movie,7.7,114,2007,"Crime, Drama, Mystery, Thriller",228494,2007-09-05,Ben Affleck
tt0452694,10,2011-04-02,The Time Traveler's Wife,https://www.imdb.com/title/tt0452694/,movie,7.1,107,2009,"Drama, Fantasy, Romance, Sci-Fi",129976,2009-08-14,Robert Schwentke
tt0454876,8,2013-01-12,Life of Pi,https://www.imdb.com/title/tt0454876/,movie,7.9,127,2012,"Adventure, Drama, Fantasy",520041,2012-09-28,Ang Lee
tt0454921,7,2008-07-17,The Pursuit of Happyness,https://www.imdb.com/title/tt0454921/,movie,8.0,117,2006,"Biography, Drama",396047,2006-12-15,Gabriele Muccino
tt0455275,10,2007-08-22,Prison Break,https://www.imdb.com/title/tt0455275/,tvSeries,8.4,44,2005,"Action, Crime, Drama, Mystery, Thriller",419313,2005-08-29,
tt0457430,6,2009-11-23,El laberinto del fauno,https://www.imdb.com/title/tt0457430/,movie,8.2,118,2006,"Drama, Fantasy, War",558295,2006-05-27,Guillermo del Toro
tt0457939,7,2007-12-30,The Holiday,https://www.imdb.com/title/tt0457939/,movie,6.9,138,2006,"Comedy, Romance",215455,2006-11-29,Nancy Meyers
tt0458339,10,2011-12-24,Captain America: The First Avenger,https://www.imdb.com/title/tt0458339/,movie,6.9,124,2011,"Action, Adventure, Sci-Fi",629513,2011-07-19,Joe Johnston
tt0460649,9,2014-01-12,How I Met Your Mother,https://www.imdb.com/title/tt0460649/,tvSeries,8.3,22,2005,"Comedy, Romance",523992,2005-09-19,
tt0460703,1,2008-06-08,Aces,https://www.imdb.com/title/tt0460703/,movie,2.5,88,2006,"Action, Drama",449,2006-10-03,Daniel Zirilli
tt0460740,10,2008-02-10,Cashback,https://www.imdb.com/title/tt0460740/,movie,7.2,102,2006,"Comedy, Drama, Romance",78720,2006-09-10,Sean Ellis
tt0460791,8,2011-06-05,The Fall,https://www.imdb.com/title/tt0460791/,movie,7.9,117,2006,"Adventure, Comedy, Drama, Fantasy",100215,2006-09-09,Tarsem Singh
tt0462322,5,2012-07-23,Grindhouse,https://www.imdb.com/title/tt0462322/,movie,7.6,191,2007,"Action, Horror, Thriller",167756,2007-03-26,"Edgar Wright, Rob Zombie, Quentin Tarantino, Robert Rodriguez, Eli Roth"
tt0462504,8,2011-05-01,Rescue Dawn,https://www.imdb.com/title/tt0462504/,movie,7.3,120,2006,"Action, Adventure, Biography, Drama, War",93666,2006-09-09,Werner Herzog
tt0462538,8,2007-12-30,The Simpsons Movie,https://www.imdb.com/title/tt0462538/,movie,7.3,87,2007,"Animation, Adventure, Comedy",286615,2007-07-21,David Silverman
tt0467406,8,2008-06-27,Juno,https://www.imdb.com/title/tt0467406/,movie,7.5,96,2007,"Comedy, Drama",458658,2007-09-01,Jason Reitman
tt0468569,10,2008-08-02,The Dark Knight,https://www.imdb.com/title/tt0468569/,movie,9.0,152,2008,"Action, Crime, Drama, Thriller",2002127,2008-07-14,Christopher Nolan
tt0469494,5,2008-06-17,There Will Be Blood,https://www.imdb.com/title/tt0469494/,movie,8.2,158,2007,Drama,451940,2007-09-27,Paul Thomas Anderson
tt0469966,10,2012-06-29,Rolling,https://www.imdb.com/title/tt0469966/,movie,5.6,90,2007,"Drama, Music, Romance",401,2007-02-11,Billy Samoa Saleebey
tt0470752,10,2015-03-26,Ex Machina,https://www.imdb.com/title/tt0470752/,movie,7.7,108,2014,"Drama, Mystery, Sci-Fi, Thriller",407826,2014-12-16,Alex Garland
tt0471711,8,2007-12-30,Futurama: Bender's Big Score,https://www.imdb.com/title/tt0471711/,video,7.7,88,2007,"Animation, Comedy, Romance, Sci-Fi",31393,2007-11-27,Dwayne Carey-Hill
tt0472043,8,2012-08-21,Apocalypto,https://www.imdb.com/title/tt0472043/,movie,7.8,139,2006,"Action, Adventure, Drama, Thriller",266316,2006-12-08,Mel Gibson
tt0472062,6,2010-10-16,Charlie Wilson's War,https://www.imdb.com/title/tt0472062/,movie,7.1,102,2007,"Biography, Comedy, Drama, History",98890,2007-12-10,Mike Nichols
tt0472954,10,2011-02-06,It's Always Sunny in Philadelphia,https://www.imdb.com/title/tt0472954/,tvSeries,8.7,22,2005,Comedy,165796,2005-08-04,
tt0477139,10,2008-06-14,Wristcutters: A Love Story,https://www.imdb.com/title/tt0477139/,movie,7.3,88,2006,"Comedy, Drama, Fantasy, Romance",50646,2006-01-24,Goran Dukic
tt0477348,2,2008-02-10,No Country for Old Men,https://www.imdb.com/title/tt0477348/,movie,8.1,122,2007,"Crime, Drama, Thriller",745543,2007-05-19,"Ethan Coen, Joel Coen"
tt0478087,10,2008-06-06,21,https://www.imdb.com/title/tt0478087/,movie,6.8,123,2008,"Crime, Drama, History, Thriller",210368,2008-03-07,Robert Luketic
tt0478311,9,2012-09-03,Knocked Up,https://www.imdb.com/title/tt0478311/,movie,7.0,129,2007,"Comedy, Drama, Romance",326675,2007-03-12,Judd Apatow
tt0480025,9,2010-04-07,This Is England,https://www.imdb.com/title/tt0480025/,movie,7.7,101,2006,"Crime, Drama",108395,2006-09-12,Shane Meadows
tt0480249,10,2008-02-09,I Am Legend,https://www.imdb.com/title/tt0480249/,movie,7.2,101,2007,"Drama, Horror, Sci-Fi, Thriller",619417,2007-12-05,Francis Lawrence
tt0481369,9,2007-12-30,The Number 23,https://www.imdb.com/title/tt0481369/,movie,6.4,98,2007,"Crime, Mystery, Thriller",182166,2007-02-13,Joel Schumacher
tt0482571,9,2007-12-29,The Prestige,https://www.imdb.com/title/tt0482571/,movie,8.5,130,2006,"Drama, Mystery, Sci-Fi, Thriller",1034305,2006-10-17,Christopher Nolan
tt0485947,10,2011-01-18,Mr. Nobody,https://www.imdb.com/title/tt0485947/,movie,7.9,141,2009,"Drama, Fantasy, Romance, Sci-Fi",191847,2009-09-11,Jaco Van Dormael
tt0487831,9,2011-08-03,The IT Crowd,https://www.imdb.com/title/tt0487831/,tvSeries,8.5,25,2006,Comedy,113894,2006-02-03,
tt0492486,7,2013-04-19,Shrooms,https://www.imdb.com/title/tt0492486/,movie,4.7,84,2007,"Comedy, Horror, Mystery, Thriller",15154,2007-08-16,Paddy Breathnach
tt0496806,7,2007-10-11,Ocean's Thirteen,https://www.imdb.com/title/tt0496806/,movie,6.9,122,2007,"Crime, Thriller",291892,2007-05-24,Steven Soderbergh
tt0497294,10,2007-11-22,High Stakes Poker,https://www.imdb.com/title/tt0497294/,tvSeries,9.0,60,2006,"Game-Show, Reality-TV, Sport",1080,2006-01-16,
tt0497465,8,2009-02-01,Vicky Cristina Barcelona,https://www.imdb.com/title/tt0497465/,movie,7.1,96,2008,"Drama, Romance",223867,2008-05-17,Woody Allen
tt0498380,9,2011-05-03,Letters from Iwo Jima,https://www.imdb.com/title/tt0498380/,movie,7.9,141,2006,"Drama, History, War",144551,2006-11-15,Clint Eastwood
tt0499549,10,2009-12-18,Avatar,https://www.imdb.com/title/tt0499549/,movie,7.8,162,2009,"Action, Adventure, Fantasy, Sci-Fi",1016386,2009-12-10,James Cameron
tt0050083,10,2009-01-21,12 Angry Men,https://www.imdb.com/title/tt0050083/,movie,8.9,96,1957,Drama,572354,1957-04-10,Sidney Lumet
tt0050976,4,2013-12-10,Det sjunde inseglet,https://www.imdb.com/title/tt0050976/,movie,8.2,96,1957,"Drama, Fantasy",139438,1957-02-16,Ingmar Bergman
tt0054215,8,2012-11-28,Psycho,https://www.imdb.com/title/tt0054215/,movie,8.5,109,1960,"Horror, Mystery, Thriller",520107,1960-06-16,Alfred Hitchcock
tt0054698,9,2013-04-19,Breakfast at Tiffany's,https://www.imdb.com/title/tt0054698/,movie,7.7,115,1961,"Comedy, Drama, Romance",147998,1961-10-05,Blake Edwards
tt0055895,9,2013-04-19,Days of Wine and Roses,https://www.imdb.com/title/tt0055895/,movie,7.9,117,1962,Drama,10190,1962-12-26,Blake Edwards
tt0056869,8,2012-11-28,The Birds,https://www.imdb.com/title/tt0056869/,movie,7.7,119,1963,"Drama, Horror, Mystery, Romance",151319,1963-03-28,Alfred Hitchcock
tt0057012,6,2010-08-19,Dr. Strangelove or: How I Learned to Stop Worrying and Love the Bomb,https://www.imdb.com/title/tt0057012/,movie,8.4,95,1964,Comedy,405337,1964-01-29,Stanley Kubrick
tt0060196,8,2009-01-21,"Il buono, il brutto, il cattivo",https://www.imdb.com/title/tt0060196/,movie,8.9,161,1966,Western,603766,1966-12-23,Sergio Leone
tt0625427,10,2007-08-27,"Las Vegas: Bold, Beautiful & Blue",https://www.imdb.com/title/tt0625427/,tvEpisode,7.9,41,2005,"Crime, Drama",86,2005-11-14,Jeff Woolnough
tt0064276,6,2012-08-25,Easy Rider,https://www.imdb.com/title/tt0064276/,movie,7.4,95,1969,"Adventure, Drama",86344,1969-05-12,Dennis Hopper
tt0064542,6,2012-08-25,Kevade,https://www.imdb.com/title/tt0064542/,movie,8.2,84,1969,Drama,1134,1969-12-31,Arvo Kruusement
tt0066921,10,2008-12-28,A Clockwork Orange,https://www.imdb.com/title/tt0066921/,movie,8.3,136,1971,"Crime, Drama, Sci-Fi",669876,1971-12-19,Stanley Kubrick
tt0068646,7,2007-12-30,The Godfather,https://www.imdb.com/title/tt0068646/,movie,9.2,175,1972,"Crime, Drama",1394995,1972-03-14,Francis Ford Coppola
tt0071562,7,2010-08-19,The Godfather: Part II,https://www.imdb.com/title/tt0071562/,movie,9.0,202,1974,"Crime, Drama",966803,1974-12-12,Francis Ford Coppola
tt0071853,9,2010-08-19,Monty Python and the Holy Grail,https://www.imdb.com/title/tt0071853/,movie,8.3,91,1975,"Adventure, Comedy, Fantasy",449374,1975-03-14,"Terry Jones, Terry Gilliam"
tt0073486,9,2009-01-21,One Flew Over the Cuckoo's Nest,https://www.imdb.com/title/tt0073486/,movie,8.7,133,1975,Drama,808190,1975-11-19,Milos Forman
tt0075148,8,2014-01-09,Rocky,https://www.imdb.com/title/tt0075148/,movie,8.1,120,1976,"Drama, Sport",459406,1976-11-20,John G. Avildsen
tt0075314,5,2008-09-27,Taxi Driver,https://www.imdb.com/title/tt0075314/,movie,8.3,114,1976,"Crime, Drama",617994,1976-02-07,Martin Scorsese
tt0756683,9,2008-06-29,The Man from Earth,https://www.imdb.com/title/tt0756683/,movie,7.9,87,2007,"Drama, Fantasy, Sci-Fi",157028,2007-06-10,Richard Schenkman
tt0758758,10,2009-03-19,Into the Wild,https://www.imdb.com/title/tt0758758/,movie,8.1,148,2007,"Adventure, Biography, Drama",513324,2007-09-01,Sean Penn
tt0765429,7,2007-12-05,American Gangster,https://www.imdb.com/title/tt0765429/,movie,7.8,157,2007,"Biography, Crime, Drama, Thriller",359900,2007-10-19,Ridley Scott
tt0076759,5,2010-08-19,Star Wars,https://www.imdb.com/title/tt0076759/,movie,8.6,121,1977,"Action, Adventure, Fantasy, Sci-Fi",1091739,1977-05-25,George Lucas
tt0770802,8,2013-04-19,Samsara,https://www.imdb.com/title/tt0770802/,movie,8.5,102,2011,"Documentary, Music",28746,2011-09-11,Ron Fricke
tt0773262,9,2014-03-09,Dexter,https://www.imdb.com/title/tt0773262/,tvSeries,8.7,53,2006,"Crime, Drama, Mystery, Thriller",584057,2006-10-01,
tt0780504,7,2011-09-27,Drive,https://www.imdb.com/title/tt0780504/,movie,7.8,100,2011,"Crime, Drama",509009,2011-05-20,Nicolas Winding Refn
tt0780536,9,2009-01-22,In Bruges,https://www.imdb.com/title/tt0780536/,movie,7.9,107,2008,"Comedy, Crime, Drama, Thriller",354454,2008-01-17,Martin McDonagh
tt0780571,6,2010-08-15,Mr. Brooks,https://www.imdb.com/title/tt0780571/,movie,7.3,120,2007,"Crime, Drama, Thriller",134922,2007-05-22,Bruce A. Evans
tt0783233,7,2009-11-24,Atonement,https://www.imdb.com/title/tt0783233/,movie,7.8,123,2007,"Drama, Mystery, Romance, War",223171,2007-08-28,Joe Wright
tt0078446,10,2012-08-31,Up in Smoke,https://www.imdb.com/title/tt0078446/,movie,7.0,86,1978,"Comedy, Music",32725,1978-09-15,"Tommy Chong, Lou Adler"
tt0078788,9,2012-08-04,Apocalypse Now,https://www.imdb.com/title/tt0078788/,movie,8.5,147,1979,"Drama, War",533385,1979-05-19,Francis Ford Coppola
tt0079470,9,2009-11-08,Life of Brian,https://www.imdb.com/title/tt0079470/,movie,8.1,94,1979,Comedy,325713,1979-08-17,Terry Jones
tt0795176,10,2014-03-09,Planet Earth,https://www.imdb.com/title/tt0795176/,tvMiniSeries,9.4,533,2006,Documentary,140519,2006-02-27,
tt0795368,9,2011-01-03,Death at a Funeral,https://www.imdb.com/title/tt0795368/,movie,7.4,90,2007,Comedy,99914,2007-03-02,Frank Oz
tt0796366,6,2011-01-05,Star Trek,https://www.imdb.com/title/tt0796366/,movie,8.0,127,2009,"Action, Adventure, Sci-Fi",550694,2009-04-06,J.J. Abrams
tt0800080,4,2009-08-10,The Incredible Hulk,https://www.imdb.com/title/tt0800080/,movie,6.8,112,2008,"Action, Adventure, Sci-Fi",384332,2008-06-06,Louis Leterrier
tt0800369,10,2012-06-04,Thor,https://www.imdb.com/title/tt0800369/,movie,7.0,115,2011,"Action, Adventure, Fantasy, Sci-Fi",650274,2011-04-17,Kenneth Branagh
tt0804497,10,2011-03-14,It's Kind of a Funny Story,https://www.imdb.com/title/tt0804497/,movie,7.1,101,2010,"Comedy, Drama, Romance",123551,2010-09-26,"Anna Boden, Ryan Fleck"
tt0080678,7,2008-09-08,The Elephant Man,https://www.imdb.com/title/tt0080678/,movie,8.2,124,1980,"Biography, Drama",195999,1980-10-02,David Lynch
tt0080684,5,2010-08-19,Star Wars: Episode V - The Empire Strikes Back,https://www.imdb.com/title/tt0080684/,movie,8.8,124,1980,"Action, Adventure, Fantasy, Sci-Fi",1021705,1980-05-17,Irvin Kershner
tt0808279,6,2009-08-21,Funny Games,https://www.imdb.com/title/tt0808279/,movie,6.5,111,2007,"Crime, Drama, Horror, Thriller",81583,2007-10-20,Michael Haneke
tt0813715,10,2007-08-25,Heroes,https://www.imdb.com/title/tt0813715/,tvSeries,7.6,45,2006,"Drama, Fantasy, Sci-Fi, Thriller",216161,2006-07-22,
tt0814314,10,2009-05-13,Seven Pounds,https://www.imdb.com/title/tt0814314/,movie,7.6,123,2008,"Drama, Romance",263408,2008-12-19,Gabriele Muccino
tt0081505,7,2013-04-19,The Shining,https://www.imdb.com/title/tt0081505/,movie,8.4,146,1980,"Drama, Horror",755111,1980-05-23,Stanley Kubrick
tt0815241,6,2009-11-09,Religulous,https://www.imdb.com/title/tt0815241/,movie,7.7,101,2008,"Documentary, Comedy, War",55674,2008-08-01,Larry Charles
tt0822832,10,2009-07-13,Marley & Me,https://www.imdb.com/title/tt0822832/,movie,7.1,115,2008,"Comedy, Drama, Family",133278,2008-12-25,David Frankel
tt0824747,10,2008-12-26,Changeling,https://www.imdb.com/title/tt0824747/,movie,7.7,141,2008,"Biography, Crime, Drama, History, Mystery, Thriller",220018,2008-05-20,Clint Eastwood
tt0825232,10,2008-08-18,The Bucket List,https://www.imdb.com/title/tt0825232/,movie,7.4,97,2007,"Adventure, Comedy, Drama",209842,2007-12-16,Rob Reiner
tt0082783,10,2013-12-12,My Dinner with Andre,https://www.imdb.com/title/tt0082783/,movie,7.8,110,1981,"Biography, Comedy, Drama",14996,1981-10-08,Louis Malle
tt0829482,9,2007-10-29,Superbad,https://www.imdb.com/title/tt0829482/,movie,7.6,113,2007,Comedy,473489,2007-08-17,Greg Mottola
tt0082971,6,2010-11-28,Raiders of the Lost Ark,https://www.imdb.com/title/tt0082971/,movie,8.5,115,1981,"Action, Adventure",788343,1981-06-12,Steven Spielberg
tt0830361,6,2012-10-12,The Lost Room,https://www.imdb.com/title/tt0830361/,tvMiniSeries,8.3,270,2006,"Action, Fantasy, Mystery, Sci-Fi",26413,2006-12-11,
tt0830515,6,2008-11-24,Quantum of Solace,https://www.imdb.com/title/tt0830515/,movie,6.6,106,2008,"Action, Adventure, Thriller",371019,2008-10-29,Marc Forster
tt0835370,10,2008-03-22,One of a Kind: The Rise and Fall of Stu Ungar,https://www.imdb.com/title/tt0835370/,tvMovie,7.3,45,2006,Sport,89,2006-07-29,Al Szymanski
tt0840361,7,2011-03-17,The Town,https://www.imdb.com/title/tt0840361/,movie,7.6,125,2010,"Crime, Drama, Thriller",316535,2010-09-08,Ben Affleck
tt0084503,9,2012-09-27,Pink Floyd: The Wall,https://www.imdb.com/title/tt0084503/,movie,8.0,95,1982,"Animation, Drama, Fantasy, Music, Musical",68888,1982-05-22,Alan Parker
tt0846020,9,2008-02-03,Jan Uuspõld läheb Tartusse,https://www.imdb.com/title/tt0846020/,movie,6.7,106,2007,"Comedy, Drama",687,2007-02-23,"Rain Tolk, Andres Maimik"
tt0846789,7,2013-04-19,The Secret,https://www.imdb.com/title/tt0846789/,video,5.7,90,2006,Documentary,11070,2006-03-26,Drew Heriot
tt0848228,8,2012-09-04,The Avengers,https://www.imdb.com/title/tt0848228/,movie,8.1,143,2012,"Action, Adventure, Sci-Fi",1140907,2012-04-11,Joss Whedon
tt0857191,8,2012-11-15,The Visitor,https://www.imdb.com/title/tt0857191/,movie,7.7,104,2007,Drama,39879,2007-09-07,Tom McCarthy
tt0859765,4,2010-12-04,Sanxia haoren,https://www.imdb.com/title/tt0859765/,movie,7.3,111,2006,Drama,5060,2006-09-06,Zhangke Jia
tt0086250,6,2007-12-30,Scarface,https://www.imdb.com/title/tt0086250/,movie,8.3,170,1983,"Crime, Drama",646014,1983-12-01,Brian De Palma
tt0086759,1,2009-07-20,Miami Vice,https://www.imdb.com/title/tt0086759/,tvSeries,7.5,48,1984,"Action, Crime, Drama, Mystery, Thriller",20046,1984-09-16,
tt0087538,7,2013-09-21,The Karate Kid,https://www.imdb.com/title/tt0087538/,movie,7.2,126,1984,"Action, Drama, Family, Sport",154108,1984-06-22,John G. Avildsen
tt0087843,6,2010-03-17,Once Upon a Time in America,https://www.imdb.com/title/tt0087843/,movie,8.4,229,1984,"Crime, Drama",269033,1984-05-20,Sergio Leone
tt0878804,9,2013-04-19,The Blind Side,https://www.imdb.com/title/tt0878804/,movie,7.7,129,2009,"Biography, Drama, Sport",260186,2009-11-17,John Lee Hancock
tt0884812,10,2007-09-10,Tulnukas ehk Valdise pääsemine 11 osas,https://www.imdb.com/title/tt0884812/,short,8.1,22,2006,"Short, Action, Comedy",662,2006-08-03,Rasmus Merivoo
tt0088763,9,2011-04-21,Back to the Future,https://www.imdb.com/title/tt0088763/,movie,8.5,116,1985,"Adventure, Comedy, Sci-Fi",903623,1985-07-03,Robert Zemeckis
tt0887883,8,2010-10-10,Burn After Reading,https://www.imdb.com/title/tt0887883/,movie,7.0,96,2008,"Comedy, Crime, Drama, Thriller",281646,2008-08-27,"Ethan Coen, Joel Coen"
tt0889583,8,2009-07-13,Brüno,https://www.imdb.com/title/tt0889583/,movie,5.8,81,2009,Comedy,132294,2009-06-25,Larry Charles
tt0892769,8,2012-07-23,How to Train Your Dragon,https://www.imdb.com/title/tt0892769/,movie,8.1,98,2010,"Animation, Action, Adventure, Comedy, Family, Fantasy",589068,2010-03-18,"Chris Sanders, Dean DeBlois"
tt0896781,9,2010-11-10,Tori & Dean: Inn Love,https://www.imdb.com/title/tt0896781/,tvSeries,5.2,,2007,Reality-TV,355,2007-03-20,
tt0903624,7,2012-12-19,The Hobbit: An Unexpected Journey,https://www.imdb.com/title/tt0903624/,movie,7.9,169,2012,"Adventure, Family, Fantasy",708804,2012-11-28,Peter Jackson
tt0903747,10,2010-06-16,Breaking Bad,https://www.imdb.com/title/tt0903747/,tvSeries,9.5,49,2008,"Crime, Drama, Thriller",1144425,2008-01-20,
tt0091042,7,2012-09-27,Ferris Bueller's Day Off,https://www.imdb.com/title/tt0091042/,movie,7.8,103,1986,Comedy,282515,1986-06-11,John Hughes
tt0910936,10,2012-09-02,Pineapple Express,https://www.imdb.com/title/tt0910936/,movie,7.0,111,2008,"Action, Comedy, Crime",287195,2008-08-06,David Gordon Green
tt0910970,8,2008-11-04,WALL·E,https://www.imdb.com/title/tt0910970/,movie,8.4,98,2008,"Animation, Adventure, Family, Sci-Fi",879330,2008-06-21,Andrew Stanton
tt0914798,9,2009-01-22,The Boy in the Striped Pyjamas,https://www.imdb.com/title/tt0914798/,movie,7.8,94,2008,"Drama, War",164107,2008-08-28,Mark Herman
tt0091763,8,2011-01-05,Platoon,https://www.imdb.com/title/tt0091763/,movie,8.1,120,1986,"Drama, War",343966,1986-12-19,Oliver Stone
tt0918927,6,2010-11-28,Doubt,https://www.imdb.com/title/tt0918927/,movie,7.5,104,2008,"Drama, Mystery",111599,2008-10-30,John Patrick Shanley
tt0923752,8,2012-12-16,The King of Kong,https://www.imdb.com/title/tt0923752/,movie,8.1,79,2007,"Documentary, Biography, Sport",32992,2007-03-25,Seth Gordon
tt0092618,10,2012-07-23,Barfly,https://www.imdb.com/title/tt0092618/,movie,7.3,100,1987,"Comedy, Drama, Romance",16891,1987-05-31,Barbet Schroeder
tt0093058,10,2010-08-19,Full Metal Jacket,https://www.imdb.com/title/tt0093058/,movie,8.3,116,1987,"Drama, War",591521,1987-06-17,Stanley Kubrick
tt0093223,4,2014-06-08,House of Games,https://www.imdb.com/title/tt0093223/,movie,7.3,102,1987,"Crime, Thriller",18380,1987-09-04,David Mamet
tt0936501,9,2011-01-06,Taken,https://www.imdb.com/title/tt0936501/,movie,7.8,94,2008,"Action, Crime, Thriller",530891,2008-02-27,Pierre Morel
tt0093779,10,2013-09-17,The Princess Bride,https://www.imdb.com/title/tt0093779/,movie,8.1,98,1987,"Adventure, Family, Fantasy, Romance",349180,1987-09-18,Rob Reiner
tt0942385,7,2008-11-07,Tropic Thunder,https://www.imdb.com/title/tt0942385/,movie,7.0,107,2008,"Action, Adventure, Comedy, War",345623,2008-08-13,Ben Stiller
tt0944947,8,2014-03-09,Game of Thrones,https://www.imdb.com/title/tt0944947/,tvSeries,9.5,57,2011,"Action, Adventure, Drama, Fantasy, Romance",1390582,2011-04-17,
tt0947798,9,2010-12-28,Black Swan,https://www.imdb.com/title/tt0947798/,movie,8.0,108,2010,"Drama, Thriller",633127,2010-09-01,Darren Aronofsky
tt0948470,7,2012-11-15,The Amazing Spider-Man,https://www.imdb.com/title/tt0948470/,movie,7.0,136,2012,"Action, Adventure, Sci-Fi",513615,2012-06-13,Marc Webb
tt0955308,7,2011-03-14,Robin Hood,https://www.imdb.com/title/tt0955308/,movie,6.7,140,2010,"Action, Adventure, Drama, History, Romance",235709,2010-05-12,Ridley Scott
tt0959337,5,2009-01-21,Revolutionary Road,https://www.imdb.com/title/tt0959337/,movie,7.3,119,2008,"Drama, Romance",174076,2008-12-15,Sam Mendes
tt0095953,8,2011-09-27,Rain Man,https://www.imdb.com/title/tt0095953/,movie,8.0,133,1988,Drama,433018,1988-12-12,Barry Levinson
tt0963266,10,2008-06-16,I Bet You,https://www.imdb.com/title/tt0963266/,tvSeries,8.3,,2007,Reality-TV,146,2007-12-31,
tt0964517,8,2012-09-23,The Fighter,https://www.imdb.com/title/tt0964517/,movie,7.8,116,2010,"Biography, Drama, Sport",310309,2010-12-06,David O. Russell
tt0096697,10,2008-02-04,The Simpsons,https://www.imdb.com/title/tt0096697/,tvSeries,8.7,22,1989,"Animation, Comedy",324243,1989-12-17,
tt0096874,9,2011-04-21,Back to the Future Part II,https://www.imdb.com/title/tt0096874/,movie,7.8,108,1989,"Adventure, Comedy, Sci-Fi",411776,1989-11-20,Robert Zemeckis
tt0969685,9,2007-08-22,Wremja,https://www.imdb.com/title/tt0969685/,tvSeries,8.2,,1989,Comedy,75,,
tt0097165,6,2009-11-25,Dead Poets Society,https://www.imdb.com/title/tt0097165/,movie,8.1,128,1989,"Comedy, Drama",354499,1989-06-02,Peter Weir
tt0097239,6,2011-01-03,Driving Miss Daisy,https://www.imdb.com/title/tt0097239/,movie,7.4,99,1989,Drama,86719,1989-12-13,Bruce Beresford
tt0976051,10,2011-02-08,The Reader,https://www.imdb.com/title/tt0976051/,movie,7.6,124,2008,"Drama, Romance",214116,2008-12-10,Stephen Daldry
tt0978762,8,2012-09-04,Mary and Max,https://www.imdb.com/title/tt0978762/,movie,8.1,92,2009,"Animation, Comedy, Drama",147575,2009-01-15,Adam Elliot
tt0978764,10,2011-07-09,Sucker Punch,https://www.imdb.com/title/tt0978764/,movie,6.1,110,2011,"Action, Fantasy",215487,2011-03-21,Zack Snyder
tt0979917,10,2009-02-16,Magnus,https://www.imdb.com/title/tt0979917/,movie,5.9,86,2007,Drama,447,2007-05-18,Kadri Kõusaar
tt0983193,4,2012-08-21,The Adventures of Tintin,https://www.imdb.com/title/tt0983193/,movie,7.3,107,2011,"Animation, Action, Adventure, Family, Mystery",198929,2011-10-23,Steven Spielberg
tt0098327,10,2009-12-10,Der siebente Kontinent,https://www.imdb.com/title/tt0098327/,movie,7.8,104,1989,Drama,10693,1989-05-19,Michael Haneke
tt0985694,8,2012-08-11,Machete,https://www.imdb.com/title/tt0985694/,movie,6.6,105,2010,"Action, Crime, Thriller",179822,2010-09-01,"Ethan Maniquis, Robert Rodriguez"
tt0986264,10,2012-08-25,Taare Zameen Par,https://www.imdb.com/title/tt0986264/,movie,8.4,165,2007,"Drama, Family",134574,2007-12-21,"Aamir Khan, Amole Gupte"
tt0988108,10,2007-08-22,Klass,https://www.imdb.com/title/tt0988108/,movie,8.0,99,2007,Drama,13142,2007-03-16,Ilmar Raag
tt0099088,10,2013-04-19,Back to the Future Part III,https://www.imdb.com/title/tt0099088/,movie,7.4,118,1990,"Adventure, Comedy, Sci-Fi, Western",346579,1990-05-25,Robert Zemeckis
tt0099348,8,2008-09-09,Dances with Wolves,https://www.imdb.com/title/tt0099348/,movie,8.0,181,1990,"Adventure, Drama, Western",215457,1990-10-19,Kevin Costner
tt0993842,7,2011-07-18,Hanna,https://www.imdb.com/title/tt0993842/,movie,6.8,111,2011,"Action, Drama, Thriller",174660,2011-04-07,Joe Wright
tt0993846,10,2014-03-16,The Wolf of Wall Street,https://www.imdb.com/title/tt0993846/,movie,8.2,180,2013,"Biography, Comedy, Crime, Drama",997991,2013-12-17,Martin Scorsese
tt0099487,7,2009-06-07,Edward Scissorhands,https://www.imdb.com/title/tt0099487/,movie,7.9,105,1990,"Drama, Fantasy, Romance",406993,1990-12-06,Tim Burton
tt0995039,8,2009-08-24,Ghost Town,https://www.imdb.com/title/tt0995039/,movie,6.7,102,2008,"Comedy, Drama, Fantasy, Romance",65163,2008-09-05,David Koepp
tt0099685,7,2010-08-19,Goodfellas,https://www.imdb.com/title/tt0099685/,movie,8.7,146,1990,"Crime, Drama",877608,1990-09-09,Martin Scorsese
tt0099763,8,2009-04-27,Henry: Portrait of a Serial Killer,https://www.imdb.com/title/tt0099763/,movie,7.0,83,1989,"Biography, Crime, Drama, Horror, Thriller",27574,1989-09-14,John McNaughton
